id;name;position;year;nfl_team;performance_3y;salary_published;salary_today_recomputed;criticality;modifier;contract;salary_A_heute;salary_B_k15_ohne_vertraege;salary_C_hauptszenario;salary_D_population_ohne_rookievertraege;salary_E_population_ohne_rookies_und_nfl_fa;salary_F_band_15;salary_G_band_35;salary_H_k20;salary_I_ohne_base_minimum
4984;Josh Allen;QB;9;BUF;23.857;69283333;69283333;7.78;1.2108;performance;69283333;83322043;85716545;85719429;85718239;78300830;93147087;96482379;83322043
4034;Christian McCaffrey;RB;10;SF;20.808;54041667;54041667;11.5633;1.25;performance;54041667;72539063;74933565;74936449;74935259;67258542;82623415;82105072;72539063
7564;Ja'Marr Chase;WR;6;CIN;19.633;48183472;48183472;10.6067;1.25;performance;48183472;67031250;69186302;69188897;69187826;61939094;76446855;74556023;67031250
7547;Amon-Ra St. Brown;WR;6;DET;19.063;45426335;45426335;8.8533;1.25;performance;45426335;64359375;66514427;66517022;66515951;59480969;73561230;70993523;64359375
6904;Jalen Hurts;QB;7;PHI;20.962;54808333;54808333;6.2767;1.1218;performance;54808333;63177899;65332951;65335546;65334475;61619584;69059664;69418223;63177899
9221;Jahmyr Gibbs;RB;4;DET;19.027;45251756;45251756;7.945;1.2206;performance;45251756;62088556;64004158;64006465;64005513;57811217;70208961;67760466;62088556
9509;Bijan Robinson;RB;4;ATL;18.627;43369089;43369089;7.2267;1.178;performance;43369089;57285782;59201384;59203691;59202739;54329552;64085077;61356767;57285782
4881;Lamar Jackson;QB;9;BAL;20.488;52441667;52441667;4.9933;1.0458;performance;52441667;55346678;57741180;57744064;57742874;56463111;59034076;59181893;55346678
9493;Puka Nacua;WR;4;LAR;18.718;43797000;43797000;6.645;1.1436;performance;43797000;55272408;57188010;57190317;57189365;53259028;61128854;58672269;55272408
9226;De'Von Achane;RB;4;MIA;17.407;37874006;37874006;6.7667;1.1508;performance;37874006;50117800;52033402;52035709;52034757;48247808;55879902;51799457;50117800
6786;CeeDee Lamb;WR;7;DAL;17.967;40350139;40350139;5.9983;1.1053;performance;40350139;49469274;51624326;51626921;51625850;48939464;54358768;51141310;49469274
4046;Patrick Mahomes;QB;10;KC;18.878;44548934;44548934;4.4833;1.0155;performance;44548934;46926816;49321318;49324202;49323012;49019016;49639768;47997975;46926816
4892;Baker Mayfield;QB;9;TB;18.87;44509612;44509613;4.0767;0.9915;performance;44509613;45237263;47631765;47634649;47633459;47993833;47284927;45805712;45237263
8150;Kyren Williams;RB;5;LAR;17.122;36643934;36643934;5.665;1.0855;performance;36643934;44793151;46948203;46950798;46949727;44962510;48980618;45028636;44793151
4866;Saquon Barkley;RB;9;PHI;16.88;35616800;35616800;5.1167;1.0531;performance;35616800;41895124;44289626;44292510;44291320;43157558;45449286;41549734;41895124
3163;Jared Goff;QB;11;DET;18.633;43400139;43400139;3.2733;0.9439;performance;43400139;41232125;43626627;43629511;43628321;45234368;42051205;40718547;41232125
8130;Trey McBride;TE;5;ARI;14.78;27306050;27306050;6.7917;1.1523;performance;27306050;39288760;41443812;41446407;41445336;38485476;44497839;38102677;39288760
9488;Jaxon Smith-Njigba;WR;4;SEA;15.955;31820253;31820253;5.3167;1.0649;performance;31820253;39150496;41066098;41068405;41067453;39745604;42415907;37727362;39150496
3198;Derrick Henry;RB;11;BAL;16.633;34583472;34583472;4.2967;1.0045;performance;34583472;38178021;40572523;40575407;40574217;40598243;40561723;36947830;38178021
8183;Brock Purdy;QB;5;SF;18.052;40732834;40732834;2.7;0.9099;performance;40732834;37214014;39369066;39371661;39370590;41716532;37078715;35572695;37214014
5859;A.J. Brown;WR;8;NE;15.82;31284050;31284050;4.6533;1.0256;performance;31284050;36535288;38929790;38932674;38931484;38511733;39365408;34960374;36535288
8138;James Cook;RB;5;BUF;16.492;33996884;33996884;3.9367;0.9832;performance;33996884;36497572;38652624;38655219;38654148;39143445;38176431;34709788;36497572
6813;Jonathan Taylor;RB;7;IND;16.258;33041675;33041675;3.4217;0.9527;performance;33041675;34076078;36231130;36233725;36232654;37367326;35118374;31835365;34076078
3294;Dak Prescott;QB;11;DAL;17.407;37874006;37874006;2.08;0.8732;performance;37874006;33125912;35520414;35523298;35522108;38576260;32563237;30930990;33125912
2133;Davante Adams;WR;13;LAR;15.302;29267625;29267625;3.7633;0.9729;performance;29267625;32109751;34504253;34507137;34505947;35170449;33855874;29755933;32109751
6797;Justin Herbert;QB;7;LAC;17.273;37296006;37296006;1.7033;0.8509;performance;37296006;31499103;33654155;33656750;33655679;37138809;30298961;28850414;31499103
6794;Justin Jefferson;WR;7;MIN;15.063;28363001;28363001;3.475;0.9558;performance;28363001;30540330;32695382;32697977;32696906;33661473;31750465;27760130;30540330
6804;Jordan Love;QB;7;GB;17.085;36487153;36487153;1.5367;0.841;performance;36487153;30447699;32602751;32605346;32604275;36235969;29113490;27655390;30447699
5850;Josh Jacobs;RB;8;GB;15.177;28791401;28791401;3.07;0.9318;performance;28791401;29730275;32124777;32127661;32126471;33567241;30716231;27053098;29730275
4217;George Kittle;TE;10;SF;13.568;23012459;23012459;4.75;1.0313;performance;23012459;29263022;31657524;31660408;31659218;31253668;32079450;26530592;29263022
421;Matthew Stafford;QB;18;LAR;17.017;36195868;36195868;1.1167;0.8161;performance;36195868;28932362;31326864;31329748;31328558;35452510;27392335;26162506;28932362
7569;Nico Collins;WR;6;HOU;14.92;27825800;27825800;3.0133;0.9285;performance;27825800;28822849;30977901;30980496;30979425;32435526;29554145;25835607;28822849
3321;Tyreek Hill;WR;11;MIA;14.897;27738835;27738835;2.815;0.9167;performance;27738835;28211267;30605769;30608653;23272353;32285223;28969074;25364662;28211267
8155;Breece Hall;RB;5;NYJ;14.568;26529542;26529542;2.7633;0.9137;performance;26529542;27147227;29302279;29304874;29303803;30971015;27675973;23994472;27147227
1466;Travis Kelce;TE;14;KC;12.73;20256613;20256613;4.4067;1.011;performance;20256613;25810642;28205144;28208028;28206838;28164828;28260654;22757981;25810642
8137;George Pickens;WR;5;DAL;14.18;25134050;25134050;2.745;0.9126;performance;25134050;26022579;28177631;28180226;28356696;29802728;26594532;22779676;26022579
7523;Trevor Lawrence;QB;6;JAX;16.493;34003756;34003756;0.5783;0.7843;performance;34003756;26005988;28161040;28163635;28162564;32684821;23886952;22761884;26005988
1479;Keenan Allen;WR;14;IND;14.105;24868878;24868878;2.5767;0.9026;performance;24868878;25394472;27788974;27791858;28212592;29578585;26049666;22314053;25394472
4035;Alvin Kamara;RB;10;NO;13.908;24180217;24180217;2.61;0.9046;performance;24180217;24946841;27341343;27344227;27343037;29064709;25666110;21839265;24946841
4983;DJ Moore;WR;9;BUF;13.753;23644272;23644272;2.405;0.8924;performance;23644272;24038727;26433229;26436113;26846907;28320305;24602882;20884795;24038727
2216;Mike Evans;WR;13;SF;13.665;23341528;23341528;2.3533;0.8894;performance;23341528;23685160;26079662;26082546;26203706;27996983;24221138;20516393;23685160
9224;Chase Brown;RB;4;CIN;13.553;22961606;22961606;2.295;0.8859;performance;22961606;23259234;25174836;25177143;25176191;27097085;23310726;19664428;23259234
6770;Joe Burrow;QB;7;CIN;15.827;31310422;31310422;0.0;0.75;performance;31310422;22861309;25016361;25018956;25017885;29853095;20498129;19459802;22861309
7543;Travis Etienne;RB;6;NO;13.493;22758756;22758756;2.1517;0.8774;performance;22758756;22773639;24928691;24931286;24930215;26978940;22945112;19369807;22773639
2449;Stefon Diggs;WR;12;WSH;13.417;22500868;22500868;2.0667;0.8724;performance;22500868;22385764;24780266;24783150;25438655;26901198;22731633;19178330;22385764
11628;Marvin Harrison;WR;3;ARI;8.072;8144648;8144648;0.0;0.75;rookie;8144648;8327001;24084490;24113495;24101524;25372968;22945143;20649467;22172193
7525;DeVonta Smith;WR;6;PHI;13.407;22467339;22467339;1.7667;0.8546;performance;22467339;21681075;23836127;23838722;24517317;26201194;21559691;18258036;21681075
6790;D'Andre Swift;RB;7;CHI;13.155;21631753;21631753;1.9017;0.8626;performance;21631753;21369898;23524950;23527545;23526474;25714156;21414131;17944752;21369898
9758;C.J. Stroud;QB;4;HOU;15.162;28734517;28734517;0.0;0.75;performance;28734517;21435683;23351285;23353592;23352640;27880780;19119779;17805557;21435683
8112;Drake London;WR;5;ATL;13.292;22083550;22083550;1.5133;0.8396;performance;22083550;20841539;22996591;22999186;23559285;25545300;20552492;17416295;20841539
5045;Courtland Sutton;WR;9;DEN;13.188;21741517;21741517;1.3717;0.8312;performance;21741517;20290957;22685459;22688343;22995165;25334719;20151424;17075645;20290957
6768;Tua Tagovailoa;QB;7;ATL;14.467;26160556;26160556;0.0;0.75;performance;26160556;19978810;22133862;22136457;22135386;26375287;18172464;16563003;19978810
11632;Malik Nabers;WR;3;NYG;10.58;13993064;13993064;0.0;0.75;rookie;13993064;12495942;22028245;22054774;22043825;23206718;20986172;18886492;20279213
5892;David Montgomery;RB;8;HOU;12.875;20720703;20720703;1.39;0.8323;performance;20720703;19610514;22005016;22007900;22006710;24550531;19569864;16407728;19610514
6801;Tee Higgins;WR;7;CIN;13.093;21429422;21429422;1.225;0.8226;performance;21429422;19758281;21913333;21915928;22228685;24640397;19310002;16346829;19758281
1373;Geno Smith;QB;14;NYJ;14.235;25329403;25329403;0.0;0.75;performance;25329403;19500831;21895333;21898217;21897027;26050853;18014941;16300778;19500831
11560;Caleb Williams;QB;3;CHI;14.83;27491113;27491113;0.0;0.75;rookie;27491113;20736174;21835945;21862242;21851389;23004130;20802968;18721619;20102181
8144;Chris Olave;WR;5;NO;13.07;21353112;21353113;1.1867;0.8203;performance;21353113;19623956;21779008;21781603;21862065;24529624;19154823;16215550;19623956
10859;Sam LaPorta;TE;4;DET;11.262;15853142;15853142;3.2833;0.9445;performance;15853142;19391551;21307153;21309460;21308508;22097690;20536521;15783823;19391551
5849;Kyler Murray;QB;8;MIN;13.947;24313689;24313689;0.0;0.75;performance;24313689;18911350;21305852;21308736;21307546;25339630;17539335;15729439;18911350
9997;Zay Flowers;WR;4;BAL;13.047;21276939;21276939;1.0217;0.8105;performance;21276939;19222709;21138311;21140618;21488386;23999281;18415348;15619890;19222709
4943;Sam Darnold;QB;9;SEA;13.667;23349044;23349044;0.0;0.75;performance;23349044;18345782;20740284;20743168;20741978;24657257;17083022;15186827;18345782
12527;Ashton Jeanty;RB;2;LV;9.693;11745089;11745089;0.0;0.75;rookie;11745089;10957882;20415800;20440387;20430239;21508009;19450005;17504020;18794795
8151;Kenneth Walker;RB;5;KC;12.515;19578153;19578153;0.99;0.8086;performance;19578153;17997090;20152142;20154737;20153666;22882367;17556274;14649745;17997090
5846;DK Metcalf;WR;8;PIT;12.788;20442684;20442684;0.565;0.7835;performance;20442684;17728635;20123137;20126021;20235519;23270972;17152761;14601063;17728635
8146;Garrett Wilson;WR;5;NYJ;12.795;20464003;20464003;0.62;0.7867;performance;20464003;17853275;20008327;20010922;20825775;23104948;17082618;14513526;17853275
8136;Rachaad White;RB;5;WSH;12.455;19390878;19390878;0.94;0.8057;performance;19390878;17769754;19924806;19927401;19926330;22672728;17314350;14434583;17769754
4018;Joe Mixon;RB;10;HOU;12.362;19101350;19101350;0.6617;0.7892;performance;19101350;17033871;19428373;19431257;18177121;22358215;16659313;13949724;17033871
5872;Deebo Samuel;WR;8;SF;12.595;19829253;19829253;0.4067;0.7741;performance;19829253;17017933;19412435;19415319;19502100;22605840;16407944;13934885;17017933
6819;Michael Pittman;WR;7;PIT;12.667;20055556;20055556;0.4517;0.7768;performance;20055556;17252112;19407164;19409759;19632811;22581469;16417361;13948089;17252112
7591;Justin Fields;QB;6;KC;13.013;21168356;21168356;0.0;0.75;performance;21168356;17045107;19200159;19202754;19201683;22835700;15805485;13754890;17045107
5967;Tony Pollard;RB;8;TEN;12.155;18468003;18468003;0.41;0.7743;performance;18468003;16140171;18534673;18537557;19004690;21566602;15682305;13124856;16140171
10229;Rashee Rice;WR;4;KC;12.498;19526042;19526042;0.2883;0.7671;performance;19526042;16594434;18510036;18512343;18739348;21725865;15489843;13131683;16594434
11620;Rome Odunze;WR;3;CHI;8.268;8543945;8543945;0.0;0.75;rookie;8543945;8631340;18383903;18406043;18396905;19367410;17514230;15761920;16924230
11533;Brandon Aubrey;K;4;DAL;10.863;14751501;14751501;2.1033;0.8746;performance;14751501;16370778;18286380;18288687;18287735;19817467;16807563;12925681;16370778
5927;Terry McLaurin;WR;8;WSH;12.3;18911250;18911250;0.1167;0.7569;performance;18911250;15879952;18274454;18277338;18597201;21558833;15201657;12887490;15879952
1234;Russell Wilson;QB;15;NYG;12.225;18681328;18681328;0.0;0.75;performance;18681328;15519946;17914448;17917332;17916142;21247814;14803073;12561236;15519946
12507;Omarion Hampton;RB;2;LAC;7.853;7709356;7709356;0.0;0.75;rookie;7709356;7990942;17771124;17792526;17783693;18721848;16930439;15236538;16360105
5947;Jakobi Meyers;WR;8;JAX;12.078;18235767;18235767;0.0467;0.7528;performance;18235767;15325824;17720326;17723210;17734081;20965695;14688386;12386355;15325824
4033;David Njoku;TE;10;LAC;10.087;12717606;12717606;2.52;0.8993;performance;12717606;15271235;17665737;18217528;18216338;18831718;16537584;12337308;15271235
5870;Daniel Jones;QB;8;IND;12.023;18070068;18070068;0.0;0.75;performance;18070068;15137503;17532005;17534889;17533699;20786387;14494509;12217402;15137503
1166;Kirk Cousins;QB;15;LV;11.975;17925078;17925078;0.0;0.75;performance;17925078;15046316;17440818;17443702;17442512;20676368;14420937;12135845;15046316
9756;Jordan Addison;WR;4;MIN;12.102;18306292;18306292;0.0533;0.7532;performance;18306292;15382352;17297954;17300261;17414373;20522362;14283894;12026605;15382352
4137;James Conner;RB;10;ARI;11.642;16941050;16941050;0.105;0.7562;performance;16941050;14602232;16996734;16999618;17524785;20038393;14152191;11741023;14602232
19;Joe Flacco;QB;19;CIN;11.697;17101501;17101501;0.0;0.75;performance;17101501;14524797;16919299;16922183;16920993;20047142;14000164;11672584;14524797
9228;Bryce Young;QB;4;CAR;11.938;17815475;17815475;0.0;0.75;performance;17815475;14977263;16892865;16895172;16894220;20088532;13908979;11663596;14977263
7526;Jaylen Waddle;WR;6;DEN;11.615;16863528;16863528;0.0367;0.7522;performance;16863528;14435418;16590470;16593065;16609049;19651559;13730984;11388440;14435418
7588;Javonte Williams;RB;6;DAL;11.54;16646450;16646450;0.01;0.7506;performance;16646450;14250821;16405873;16408468;16567945;19454746;13559368;11226114;14250821
4037;Chris Godwin;WR;10;TB;11.375;16173828;16173828;0.0;0.75;performance;16173828;13929772;16324274;16327158;16386516;19329229;13520084;11150767;13929772
13279;Carnell Tate;WR;1;TEN;0.0;0;0;0.0;0.75;rookie;0;0;16301103;16320734;16312632;17173183;15529959;13976177;15006803
7594;Chuba Hubbard;RB;6;CAR;11.488;16497725;16497725;0.0;0.75;performance;16497725;14138471;16293523;16296118;16311799;19328769;13460345;11127661;14138471
96;Aaron Rodgers;QB;22;PIT;11.351;16105650;16105650;0.0;0.75;performance;16105650;13885710;16280212;16283096;16281906;19276067;13484534;11112417;13885710
5012;Mark Andrews;TE;9;BAL;9.94;12350450;12350450;1.76;0.8542;performance;12350450;13831781;16226283;17336754;17335564;17794304;14721426;11065535;13831781
11604;Brock Bowers;TE;3;LV;11.144;15524892;15524892;2.8817;0.9207;rookie;15524892;18372905;16218602;16238134;16230072;17086268;15451360;13905442;14930852
12517;Colston Loveland;TE;2;CHI;6.027;4540089;4540089;0.0;0.75;rookie;4540089;5371959;15955982;15975198;15967267;16809599;15201165;13680279;14689085
5022;Dallas Goedert;TE;9;PHI;9.843;12111401;12111401;1.575;0.8433;performance;12111401;13369083;15763585;16027887;16026697;17409725;14187695;10665811;13369083
12530;Travis Hunter;WR;2;JAX;4.367;2383472;2383472;0.0;0.75;rookie;2383472;3313157;15634992;15653821;15646049;16471436;14895359;13405069;14393581
12529;TreVeyon Henderson;RB;2;NE;7.873;7748672;7748672;0.0;0.75;rookie;7748672;8021487;15427851;15446431;15438762;16253214;14698017;13227472;14202887
8228;Jaylen Warren;RB;5;PIT;11.002;15129584;15129584;0.0;0.75;performance;15129584;13249657;15404709;15407304;15406233;18256392;12743230;10358081;13249657
3451;Ka'imi Fairbairn;K;11;HOU;9.815;12041778;12041778;1.3467;0.8298;performance;12041778;12992467;15386969;15389853;15388663;17146795;13707624;10343835;12992467
13287;Jeremiyah Love;RB;1;ARI;0.0;0;0;0.0;0.75;rookie;0;0;15376345;15394863;15387220;16198952;14648948;13183312;14155470
4199;Aaron Jones;RB;10;MIN;10.795;14566503;14566503;0.0;0.75;performance;14566503;12878073;15272575;15275459;15274269;18060327;12671549;10246647;12878073
4039;Cooper Kupp;WR;10;SEA;10.668;14226667;14226667;0.0;0.75;performance;14226667;12652075;15046577;15049461;15048271;17787655;12489209;10055489;12652075
8148;Jameson Williams;WR;5;DET;10.783;14535035;14535035;0.0;0.75;performance;14535035;12857202;15012254;15014849;15013778;17782885;12426588;10023647;12857202
12522;Cam Ward;QB;2;TEN;7.687;7385606;7385606;0.0;0.75;rookie;7385606;7737915;14920925;14938895;14931478;15719169;14215072;12792846;13736211
8126;Wan'Dale Robinson;WR;5;TEN;10.718;14360334;14360334;0.0;0.75;performance;14360334;12741126;14896178;14898773;14897702;17642836;12332935;9925378;12741126
7611;Rhamondre Stevenson;RB;6;NE;10.663;14213335;14213335;0.0;0.75;performance;14213335;12643182;14798234;14800829;14799758;17524665;12253912;9842691;12643182
8110;Jake Ferguson;TE;5;DAL;9.657;11656401;11656401;1.26;0.8246;performance;11656401;12561874;14716926;15148246;15147175;16468722;13046681;9774210;12561874
7021;Rico Dowdle;RB;7;PIT;10.57;13965612;13965613;0.0;0.75;performance;13965613;12477552;14632604;14635199;14634128;17324828;12120278;9703347;12477552
2747;Jason Myers;K;12;SEA;9.54;11376450;11376450;1.1083;0.8156;performance;11376450;12133906;14528408;14531292;14530102;16338671;12807393;9621506;12133906
3257;Jacoby Brissett;QB;11;ARI;10.17;12928612;12928612;0.0;0.75;performance;12928612;11776015;14170517;14173401;14172211;16730666;11782384;9325334;11776015
7553;Kyle Pitts;TE;6;ATL;9.57;11448113;11448113;0.9183;0.8044;performance;11448113;11939751;14094803;14550790;14549719;15993853;12293872;9255167;11939751
8121;Romeo Doubs;WR;5;NE;10.15;12877813;12877813;0.0;0.75;performance;12877813;11741294;13896346;13898941;13897870;16436514;11526248;9091460;11741294
13281;Jordyn Tyson;WR;1;NO;0.0;0;0;0.0;0.75;rookie;0;0;13877602;13894315;13887417;14620030;13221105;11898325;12775727
5844;T.J. Hockenson;TE;8;MIN;9.562;11428184;11428184;0.5767;0.7842;performance;11428184;11477019;13871521;14321545;14320355;15946351;11915945;9080186;11477019
10222;Jayden Reed;WR;4;GB;10.197;12996501;12996501;0.0;0.75;performance;12996501;11822362;13737964;13740271;13739319;16282063;11363532;8952923;11822362
8259;Cameron Dicker;K;5;LAC;9.503;11289168;11289168;0.6867;0.7907;performance;11289168;11514177;13669229;13671824;13670753;15661135;11787581;8905238;11514177
4981;Calvin Ridley;WR;9;TEN;9.877;12193568;12193568;0.0;0.75;performance;12193568;11270223;13664725;13667609;13666419;16120415;11374299;8911871;11270223
11624;Xavier Worthy;WR;3;KC;7.64;7296837;7296837;0.0;0.75;rookie;7296837;7668058;13448141;13464337;13457652;14167593;12811960;11530116;12380365
6783;Jerry Jeudy;WR;7;CLE;9.88;12201800;12201800;0.0;0.75;performance;12201800;11275929;13430981;13433576;13432505;15875039;11150781;8711203;11275929
2028;Derek Carr;QB;12;NO;9.631;11594440;11594440;0.0;0.75;performance;11594440;10852298;13246800;13249684;13248494;15616178;11037108;8574861;10852298
12526;Tetairoa McMillan;WR;2;CAR;8.373;8764089;8764089;0.0;0.75;rookie;8764089;8797605;13240048;13255993;13249412;13948367;12613711;11351701;12188794
11583;Jonathon Brooks;RB;3;CAR;0.822;84399;84399;0.0;0.75;rookie;84399;270450;13176152;13192020;13185470;13881053;12552837;11296918;12129971
9229;Anthony Richardson;QB;4;IND;9.801;12007859;12007859;0.0;0.75;performance;12007859;11141241;13056843;13059150;13058198;15460274;10813989;8396811;11141241
3214;Hunter Henry;TE;11;NE;9.208;10599175;10599175;0.37;0.7719;performance;10599175;10593778;12988280;13244151;13242961;15048975;11053500;8368539;10593778
6806;J.K. Dobbins;RB;7;DEN;9.617;11560035;11560035;0.0;0.75;performance;11560035;10828137;12983189;12985784;12984713;15334767;10789493;8350210;10828137
7049;Jauan Jennings;WR;7;MIN;9.585;11484627;11484627;0.0;0.75;performance;11484627;10775119;12930171;12932766;12931695;15270799;10746716;8307793;10775119
1945;Chris Boswell;K;13;PIT;9.227;10641422;10641422;0.245;0.7645;performance;10641422;10472929;12867431;12870315;12869125;14989537;10879506;8272662;10472929
9500;Josh Downs;WR;4;IND;9.652;11644334;11644334;0.0;0.75;performance;11644334;10887305;12802907;12805214;12804262;15153893;10609107;8192329;10887305
1689;Adam Thielen;WR;14;PIT;9.319;10854538;10854538;0.0;0.75;performance;10854538;10328635;12723137;12726021;12724831;14984365;10614604;8158667;10328635
11566;Jayden Daniels;QB;3;WSH;14.006;24521238;24521238;0.0;0.75;rookie;24521238;19032296;12651001;12666236;12659948;13327807;12052529;10846666;11646517
8134;Khalil Shakir;WR;5;BUF;9.41;11068512;11068512;0.0;0.75;performance;11068512;10480967;12636019;12638614;12637543;14915897;10509387;8073728;10480967
8676;Rashid Shaheed;WR;5;SEA;9.318;10853917;10853917;0.0;0.75;performance;10853917;10328191;12483243;12485838;12484767;14731570;10386125;7953018;10328191
4098;Kareem Hunt;RB;10;KC;9.115;10385403;10385403;0.0;0.75;performance;10385403;9991988;12386490;12389374;12388184;14578192;10342991;7894778;9991988
13294;Makai Lemon;WR;1;PHI;0.0;0;0;0.0;0.75;rookie;0;0;12301944;12316760;12310645;12960077;11719985;10547394;11325176
9753;Zach Charbonnet;RB;4;SEA;9.318;10853917;10853917;0.0;0.75;performance;10853917;10328191;12243793;12246100;12245148;14479309;10158002;7747719;10328191
8154;Brian Robinson;RB;5;ATL;9.122;10400600;10400600;0.0;0.75;performance;10400600;10002952;12158004;12160599;12159528;14339161;10123715;7698028;10002952
7527;Mac Jones;QB;6;SF;9.12;10396800;10396800;0.0;0.75;performance;10396800;10000211;12155263;12157858;12156787;14335853;10121503;7695890;10000211
5001;Dalton Schultz;TE;9;HOU;8.96;10035200;10035200;0.0;0.75;performance;10035200;9738205;12132707;12565522;12564332;14271997;10138233;7697789;9738205
4066;Evan Engram;TE;10;DEN;8.94;9990450;9990450;0.0;0.75;performance;9990450;9705618;12100120;12103004;12101814;14232679;10111940;7672617;9705618
10232;Michael Wilson;WR;4;ARI;9.16;10488200;10488200;0.0;0.75;performance;10488200;10066074;11981676;11983983;11983031;14163058;9946520;7542004;10066074
1426;DeAndre Hopkins;WR;14;BAL;8.753;9577606;9577606;0.0;0.75;performance;9577606;9403231;11797733;11800617;11799427;13867842;9867968;7440392;9403231
11637;Keon Coleman;WR;3;BUF;5.681;4034078;4034078;0.0;0.75;rookie;4034078;4916348;11782136;11796325;11790469;12412460;11224768;10101723;10846640
8167;Christian Watson;WR;5;GB;8.868;9830917;9830917;0.0;0.75;performance;9830917;9589146;11744198;11746793;11745722;13839893;9789846;7377581;9589146
6650;Chase McLaughlin;K;8;TB;8.583;9209201;9209201;0.1083;0.7564;performance;9209201;9248058;11642560;11645444;11644254;13613875;9801273;7322181;9248058
7528;Najee Harris;RB;6;NYG;8.802;9685354;9685354;0.0;0.75;performance;9685354;9482460;11637512;11640107;11639036;13711174;9703770;7295702;9482460
9754;Quentin Johnston;WR;4;LAC;8.926;9958813;9958813;0.0;0.75;performance;9958813;9682557;11598159;11600466;11599514;13700335;9637089;7244223;9682557
8205;Isiah Pacheco;RB;5;DET;8.753;9577606;9577606;0.0;0.75;performance;9577606;9403231;11558283;11560878;11559807;13615582;9639846;7235093;9403231
4663;Austin Ekeler;RB;10;WSH;8.508;9048967;9048967;0.0;0.75;performance;9048967;9011221;11405723;11408607;11407417;13394872;9551685;7143033;9011221
2749;Raheem Mostert;RB;12;LV;8.466;8960062;8960062;0.0;0.75;performance;8960062;8944738;11339240;11342124;11340934;13314659;9498046;7093024;8944738
8142;Alec Pierce;WR;5;IND;8.607;9259339;9259339;0.0;0.75;performance;9259339;9167890;11322942;11325537;11324466;13331636;9449967;7056068;9167890
2309;Amari Cooper;WR;11;LV;8.456;8937428;8937428;0.0;0.75;performance;8937428;8927787;11322289;11325173;11323983;13294206;9484369;7080292;8927787
9484;Tucker Kraft;TE;4;GB;8.736;9539348;9539348;0.0;0.75;performance;9539348;9375046;11290648;11292955;11292003;13329315;9388983;7008274;9375046
4144;Jonnu Smith;TE;10;GB;8.33;8673612;8673613;0.0;0.75;performance;8673613;8729400;11123902;11126786;11125596;13054848;9324306;6931896;8729400
12514;Emeka Egbuka;WR;2;TB;8.08;8160800;8160800;0.0;0.75;rookie;8160800;8339384;11008493;11021751;11016279;11597429;10487723;9438420;10134424
7567;Kenny Gainwell;RB;6;TB;8.373;8764089;8764089;0.0;0.75;performance;8764089;8797605;10952657;10955252;10954181;12884879;9151213;6777490;8797605
13286;Jadarian Price;RB;1;SEA;0.0;0;0;0.0;0.75;rookie;0;0;10874399;10887495;10882090;11456160;10359972;9323450;10010977
13330;Kenyon Sadiq;TE;1;NYJ;0.0;0;0;0.0;0.75;rookie;0;0;10839631;10852685;10847297;11419532;10326849;9293641;9978970
8143;Jerome Ford;RB;5;MIN;8.297;8604335;8604335;0.0;0.75;performance;8604335;8677055;10832107;10834702;10833631;12739432;9053951;6687628;8677055
3678;Wil Lutz;K;11;DEN;8.125;8251953;8251953;0.0;0.75;performance;8251953;8409147;10803649;10806533;10805343;12668454;9065918;6694713;8409147
6803;Brandon Aiyuk;WR;7;SF;8.274;8556557;8556557;0.0;0.75;performance;8556557;8640894;10795946;10798541;10797470;12695803;9024775;6660753;8640894
1339;Zach Ertz;TE;14;PHI;8.08;8160800;8160800;0.0;0.75;performance;8160800;8339384;10733886;10736770;10735580;12584283;9009631;6643439;8339384
11635;Ladd McConkey;WR;3;LAC;10.194;12989450;12989450;0.0;0.75;rookie;12989450;11817550;10710148;10723046;10717723;11283122;10203491;9182626;9859768
12518;Tyler Warren;TE;2;IND;7.54;7106450;7106450;0.0;0.75;rookie;7106450;7517508;10610460;10623238;10617964;11178101;10108519;9097155;9767994
13269;Fernando Mendoza;QB;1;LV;0.0;0;0;0.0;0.75;rookie;0;0;10588256;10601007;10595744;11154709;10087365;9078118;9747553
10236;Dalton Kincaid;TE;4;BUF;8.268;8545667;8545667;0.0;0.75;performance;8545667;8632645;10548247;10550554;10549602;12433589;8789996;6449329;8632645
4227;Harrison Butker;K;10;KC;7.933;7867222;7867222;0.0;0.75;performance;7867222;8113355;10507857;10510741;10509551;12311573;8827266;6478302;8113355
7002;Juwan Johnson;TE;7;NO;8.075;8150703;8150703;0.0;0.75;performance;8150703;8331644;10486696;10489291;10488220;12322685;8775265;6432461;8331644
4195;Jake Elliott;K;10;PHI;7.877;7755235;7755235;0.0;0.75;performance;7755235;8026581;10421083;10423967;10422777;12206879;8757255;6415309;8026581
11564;Drake Maye;QB;3;NE;15.305;29280378;29280378;0.0;0.75;rookie;29280378;21740369;10384775;10397281;10392119;10940342;9893510;8903658;9560228
6011;Gardner Minshew;QB;8;ARI;7.831;7666223;7666223;0.0;0.75;performance;7666223;7957387;10351889;10354773;10353583;12123394;8701428;6365239;7957387
2020;Cairo Santos;K;13;CHI;7.795;7595253;7595253;0.0;0.75;performance;7595253;7902074;10296576;10299460;10298270;12056657;8656800;6325319;7902074
2374;Tyler Lockett;WR;12;LV;7.77;7546613;7546613;0.0;0.75;performance;7546613;7864089;10258591;10261475;10260285;12010828;8626153;6297959;7864089
9502;Tank Dell;WR;4;HOU;8.06;8121357;8121357;0.0;0.75;performance;8121357;8309135;10224737;10227044;10226092;12043267;8528982;6210654;8309135
9508;Tyjae Spears;RB;4;TEN;7.995;7990003;7990003;0.0;0.75;performance;7990003;8208137;10123739;10126046;10125094;11921410;8447494;6136768;8208137
2306;Jameis Winston;QB;12;NYG;7.615;7248655;7248655;0.0;0.75;performance;7248655;7630052;10024554;10027438;10026248;11728455;8437326;6130357;7630052
650;Nick Folk;K;20;ATL;7.598;7216834;7216834;0.0;0.75;performance;7216834;7604916;9999418;10002302;10001112;11698129;8417046;6112458;7604916
6826;Cole Kmet;TE;7;CHI;7.66;7334450;7334450;0.0;0.75;performance;7334450;7697684;9852736;9855331;9854260;11557795;8263771;5973318;7697684
6083;Matt Gay;K;8;LV;7.48;6993800;6993800;0.0;0.75;performance;6993800;7427956;9822458;9825342;9824152;11484622;8274271;5987001;7427956
5848;Marquise Brown;WR;8;PHI;7.465;6965778;6965778;0.0;0.75;performance;6965778;7405623;9800125;9803009;9801819;11457677;8256253;5971239;7405623
7839;Evan McPherson;K;6;CIN;7.625;7267578;7267578;0.0;0.75;performance;7267578;7644986;9800038;9802633;9801562;11494214;8221253;5935703;7644986
8111;Cade Otton;TE;5;TB;7.61;7239012;7239012;0.0;0.75;performance;7239012;7622438;9777490;9780085;9779014;11467009;8203061;5919635;7622438
1433;Brandon McManus;K;14;GB;7.43;6900612;6900613;0.0;0.75;performance;6900613;7353602;9748104;9750988;9749798;11394912;8214281;5934584;7353602
11619;Ja'Lynn Polk;WR;3;NO;1.168;170392;170392;0.0;0.75;rookie;170392;458058;9742733;9754467;9749624;10263953;9281841;8353187;8969165
13298;KC Concepcion;WR;1;CLE;0.0;0;0;0.0;0.75;rookie;0;0;9738640;9750369;9745528;10259641;9277942;8349678;8965397
8162;Sam Howell;QB;5;DAL;7.513;7055521;7055521;0.0;0.75;performance;7055521;7477066;9632118;9634713;9633642;11291614;8085772;5816421;7477066
6130;Devin Singletary;RB;8;NYG;7.35;6752812;6752812;0.0;0.75;performance;6752812;7235156;9629658;9632542;9631352;11252004;8118716;5851446;7235156
6111;Jake Browning;QB;8;TB;7.325;6707289;6707289;0.0;0.75;performance;6707289;7198544;9593046;9595930;9594740;11207830;8089176;5825839;7198544
7090;Darnell Mooney;WR;7;NYG;7.45;6937812;6937812;0.0;0.75;performance;6937812;7383314;9538366;9540961;9539890;11178500;8010130;5750210;7383314
4950;Christian Kirk;WR;9;SF;7.258;6585425;6585425;0.0;0.75;performance;6585425;7100228;9494730;9497614;9496424;11089209;8009852;5757291;7100228
6149;Darius Slayton;WR;8;IND;7.233;6540139;6540139;0.0;0.75;performance;6540139;7063576;9458078;9460962;9459772;11044988;7980281;5731817;7063576
5189;Eddy Pineiro;K;9;SF;7.178;6441059;6441059;0.0;0.75;performance;6441059;6983166;9377668;9380552;9379362;10947971;7915404;5676085;6983166
11631;Brian Thomas;WR;3;JAX;10.432;13603415;13603415;0.0;0.75;rookie;13603415;12234053;9369890;9381174;9376517;9871163;8926636;8033520;8625925
4179;Joshua Dobbs;QB;10;DET;7.162;6412049;6412049;0.0;0.75;performance;6412049;6959564;9354066;9356950;9355760;10919495;7896362;5659767;6959564
10213;Tre Tucker;WR;4;LV;7.465;6965778;6965778;0.0;0.75;performance;6965778;7405623;9321225;9323532;9322580;10953156;7800008;5560641;7405623
4381;Taysom Hill;TE;10;NO;7.129;6353246;6353246;0.0;0.75;performance;6353246;6911641;9306143;9309027;9307837;10861674;7857696;5626690;6911641
11058;Blake Grupe;K;4;NYJ;7.445;6928503;6928503;0.0;0.75;performance;6928503;7375882;9291484;9293791;9292839;10917272;7776011;5539674;7375882
5119;Jason Sanders;K;9;NYJ;7.108;6316050;6316050;0.0;0.75;performance;6316050;6881270;9275772;9278656;9277466;10825031;7833192;5605767;6881270
8132;Tyler Allgeier;RB;5;ARI;7.263;6594501;6594501;0.0;0.75;performance;6594501;7107565;9262617;9265212;9264141;10845803;7787651;5557097;7107565
12489;RJ Harvey;RB;2;DEN;8.427;8876089;8876089;0.0;0.75;rookie;8876089;8881793;9152539;9163561;9159012;9642184;8719566;7847169;8425832
8210;Chig Okonkwo;TE;5;WSH;7.15;6390313;6390313;0.0;0.75;performance;6390313;6941862;9096914;9099509;9098438;10645877;7653957;5442241;6941862
10937;Jake Moody;K;4;WSH;7.312;6682559;6682559;0.0;0.75;performance;6682559;7178629;9094231;9096538;9095586;10679281;7616863;5401330;7178629
2307;Marcus Mariota;QB;12;WSH;6.931;6004556;6004556;0.0;0.75;performance;6004556;6625140;9019642;9022526;9021336;10516005;7626541;5430552;6625140
7600;Pat Freiermuth;TE;6;PIT;7.092;6286467;6286467;0.0;0.75;performance;6286467;6857083;9012135;9014730;9013659;10543589;7585555;5383828;6857083
6845;Zack Moss;RB;6;CIN;7.09;6283247;6283247;0.0;0.75;performance;6283247;6854448;9009500;9012095;9011024;10540410;7583430;5382016;6854448
9501;DeMario Douglas;WR;4;NE;7.25;6570312;6570313;0.0;0.75;performance;6570313;7088003;9003605;9005912;9004960;10569940;7543744;5338192;7088003
12501;Matthew Golden;WR;2;GB;3.17;1256112;1256113;0.0;0.75;rookie;1256113;2049301;8885394;8896095;8891679;9360748;8465060;7618125;8179898
9999;Will Levis;QB;4;NYJ;7.154;6396839;6396839;0.0;0.75;performance;6396839;6947178;8862780;8865087;8864135;10400030;7430123;5240613;6947178
9487;Parker Washington;WR;4;JAX;7.151;6391802;6391802;0.0;0.75;performance;6391802;6943076;8858678;8860985;8860033;10395080;7426813;5237780;6943076
5987;Alexander Mattison;RB;8;MIA;6.809;5794970;5794970;0.0;0.75;performance;5794970;6450937;8845439;8848323;8847133;10305823;7485989;5312659;6450937
4017;Deshaun Watson;QB;10;CLE;6.786;5756705;5756705;0.0;0.75;performance;5756705;6418963;8813465;8816349;8815159;10267247;7460193;5291136;6418963
5095;Daniel Carlson;K;9;NO;6.758;5709384;5709384;0.0;0.75;performance;5709384;6379348;8773850;8776734;8775544;10219450;7428230;5264517;6379348
5995;Justice Hill;RB;8;BAL;6.733;5667222;5667222;0.0;0.75;performance;5667222;6343984;8738486;8741370;8740180;10176782;7399698;5240802;6343984
4972;Mason Rudolph;QB;9;PIT;6.703;5616053;5616053;0.0;0.75;performance;5616053;6300975;8695477;8698361;8697171;10124891;7364997;5212019;6300975
4454;Kendrick Bourne;WR;10;ARI;6.692;5597300;5597300;0.0;0.75;performance;5597300;6285189;8679691;8682575;8681385;10105845;7352261;5201470;6285189
6528;Joey Slye;K;8;TEN;6.672;5563892;5563892;0.0;0.75;performance;5563892;6257033;8651535;8654419;8653229;10071873;7329543;5182678;6257033
3161;Carson Wentz;QB;11;MIN;6.593;5434006;5434006;0.0;0.75;performance;5434006;6147159;8541661;8544545;8543355;9939308;7240895;5109617;6147159
17;Matt Prater;K;21;BUF;6.512;5300225;5300225;0.0;0.75;performance;5300225;6033303;8427805;8430689;8429499;9801938;7149033;5034366;6033303
11539;Jake Bates;K;4;DET;6.781;5747576;5747576;0.0;0.75;performance;5747576;6411327;8326929;8329236;8328284;9753512;6997786;4875402;6411327
2197;Brandin Cooks;WR;13;SF;6.395;5112003;5112003;0.0;0.75;performance;5112003;5871888;8266390;8269274;8268084;9607186;7018799;4928491;5871888
11559;Michael Penix;QB;3;ATL;7.133;6360556;6360556;0.0;0.75;rookie;6360556;6917604;8261908;8271858;8267751;8703906;7871068;7083563;7605917
1264;Justin Tucker;K;14;BAL;6.325;5000492;5000492;0.0;0.75;performance;5000492;5775558;8170060;8172944;8171754;9490962;6941079;4865766;5775558
11589;Trey Benson;RB;3;ARI;3.858;1860842;1860842;0.0;0.75;rookie;1860842;2751798;8150386;8160202;8156151;8586418;7764822;6987947;7503250
827;Tyrod Taylor;QB;16;GB;6.283;4935035;4935035;0.0;0.75;performance;4935035;5718762;8113264;8116148;8114958;9422437;6895255;4828946;5718762
8408;Jordan Mason;RB;5;MIN;6.422;5154725;5154725;0.0;0.75;performance;5154725;5908654;8063706;8066301;8065230;9399285;6820341;4747223;5908654
11565;J.J. McCarthy;QB;3;NYG;7.49;7012512;7012512;0.0;0.75;rookie;7012512;7442856;8056720;8066423;8062419;8487741;7675587;6907640;7417021
4666;Younghoe Koo;K;10;NYJ;6.232;4854209;4854209;0.0;0.75;performance;4854209;5648371;8042873;8045757;8044567;9337508;6838461;4783481;5648371
7670;Joshua Palmer;WR;6;BUF;6.388;5101350;5101350;0.0;0.75;performance;5101350;5862708;8017760;8020355;8019284;9343850;6783271;4717200;5862708
5248;Gus Edwards;RB;8;LAC;6.129;4695427;4695427;0.0;0.75;performance;4695427;5509228;7903730;7906614;7905424;9169627;6726197;4694167;5509228
7042;Tyler Bass;K;7;BUF;6.267;4910090;4910090;0.0;0.75;performance;4910090;5697069;7852121;7854716;7853645;9144003;6649630;4609616;5697069
12512;Quinshon Judkins;RB;2;CLE;7.58;7182050;7182050;0.0;0.75;rookie;7182050;7577409;7844094;7853540;7849642;8263739;7473019;6725339;7221277
4988;Nick Chubb;RB;9;HOU;6.045;4567753;4567753;0.0;0.75;performance;4567753;5396490;7790992;7793876;7792686;9033606;6635238;4622350;5396490
7571;Rashod Bateman;WR;6;BAL;6.183;4779201;4779201;0.0;0.75;performance;4779201;5582785;7737837;7740432;7739361;9006116;6557423;4535991;5582785
10955;Chad Ryland;K;4;ARI;6.352;5042959;5042959;0.0;0.75;performance;5042959;5812306;7727908;7730215;7729263;9030778;6514483;4479055;5812306
9504;Kayshon Boutte;WR;4;HOU;6.343;5028413;5028413;0.0;0.75;performance;5028413;5799728;7715330;7717637;7716685;9015602;6504334;4470873;5799728
11563;Bo Nix;QB;3;DEN;15.7;30811250;30811250;0.0;0.75;rookie;30811250;22587407;7607489;7616651;7612870;8014477;7247608;6522480;7003458
13349;Eli Stowers;TE;1;PHI;0.0;0;0;0.0;0.75;rookie;0;0;7514145;7523194;7519459;7916138;7158679;6442449;6917525
5937;Diontae Johnson;WR;7;CLE;6.001;4501675;4501675;0.0;0.75;performance;4501675;5337833;7492885;7495480;7494409;8710576;6359790;4379882;5337833
10866;Aidan O'Connell;QB;4;LV;6.163;4747205;4747205;0.0;0.75;performance;4747205;5554729;7470331;7472638;7471686;8720005;6306664;4312694;5554729
7922;Riley Patterson;K;6;MIA;5.973;4458845;4458845;0.0;0.75;performance;4458845;5299698;7454750;7457345;7456274;8664565;6329022;4355790;5299698
7596;Elijah Moore;WR;6;PHI;5.962;4442684;4442684;0.0;0.75;performance;4442684;5285285;7440337;7442932;7441861;8647175;6317394;4346700;5285285
12484;Jayden Higgins;WR;2;HOU;4.967;3083472;3083472;0.0;0.75;rookie;3083472;4018967;7361435;7370301;7366642;7755259;7013193;6311519;6776941
3286;Demarcus Robinson;WR;11;SF;5.71;4075512;4075512;0.0;0.75;performance;4075512;4954172;7348674;7351558;7350368;8499939;6278366;4345465;4954172
7585;Davis Mills;QB;6;HOU;5.857;4287568;4287568;0.0;0.75;performance;4287568;5146271;7301323;7303918;7302847;8479451;6205234;4259447;5146271
2505;Darren Waller;TE;12;CAR;5.669;4017360;4017360;0.0;0.75;performance;4017360;4901060;7295562;7298446;7297256;8435857;6235514;4312754;4901060
8161;Malik Willis;QB;5;MIA;5.835;4255903;4255903;0.0;0.75;performance;4255903;5117740;7272792;7275387;7274316;8445027;6182214;4241636;5117740
4234;Noah Brown;WR;10;LV;5.65;3990312;3990312;0.0;0.75;performance;3990312;4876291;7270793;7273677;7272487;8405973;6215529;4297540;4876291
4147;Samaje Perine;RB;10;CIN;5.627;3957422;3957422;0.0;0.75;performance;3957422;4846115;7240617;7243501;7242311;8369565;6191183;4279039;4846115
4177;Mack Hollins;WR;10;NE;5.626;3956250;3956250;0.0;0.75;performance;3956250;4845038;7239540;7242424;7241234;8368266;6190314;4278380;4845038
4993;Mike Gesicki;TE;9;CIN;5.608;3931675;3931675;0.0;0.75;performance;3931675;4822449;7216951;7219835;7218645;8341011;6172089;4264556;4822449
9486;Dontayvion Wicks;WR;4;PHI;5.923;4385735;4385735;0.0;0.75;performance;4385735;5234391;7149993;7152300;7151348;8333509;6048208;4109367;5234391
5854;Drew Lock;QB;8;SEA;5.55;3850706;3850706;0.0;0.75;performance;3850706;4747770;7142272;7145156;7143966;8250909;6111836;4219011;4747770
8159;Desmond Ridder;QB;5;GB;5.728;4101009;4101009;0.0;0.75;performance;4101009;4977399;7132451;7135046;7133975;8275703;6068984;4154508;4977399
8131;Isaiah Likely;TE;5;NYG;5.703;4066001;4066001;0.0;0.75;performance;4066001;4945498;7100550;7103145;7102074;8237213;6043245;4134816;4945498
13276;Omar Cooper;WR;1;NYJ;0.0;0;0;0.0;0.75;rookie;0;0;7004535;7012970;7009488;7379265;6673176;6005521;6448378
11638;Ricky Pearsall;WR;3;SF;5.865;4299778;4299778;0.0;0.75;rookie;4299778;5157259;6923774;6932113;6928671;7294184;6596236;5936279;6374030
6945;Antonio Gibson;RB;7;NE;5.558;3861884;3861884;0.0;0.75;performance;3861884;4758102;6913154;6915749;6914678;8011116;5892050;4020000;4758102
13346;Denzel Boston;WR;1;CLE;0.0;0;0;0.0;0.75;rookie;0;0;6877814;6886097;6882678;7245765;6552450;5896873;6331718
9494;Marvin Mims;WR;4;DEN;5.708;4073134;4073134;0.0;0.75;performance;4073134;4952003;6867605;6869912;6868960;7992801;5820371;3933529;4952003
6943;Gabe Davis;WR;7;BUF;5.515;3801903;3801903;0.0;0.75;performance;3801903;4702569;6857621;6860216;6859145;7944113;5847245;3986261;4702569
11626;Xavier Legette;WR;3;CAR;5.288;3494795;3494795;0.0;0.75;rookie;3494795;4414695;6829782;6838007;6834612;7195163;6506690;5855692;6287500
4082;Curtis Samuel;WR;10;BUF;5.28;3484800;3484800;0.0;0.75;performance;3484800;4405222;6799724;6802608;6801418;7837616;5835460;4013189;4405222
11625;Adonai Mitchell;WR;3;NYJ;3.958;1957726;1957726;0.0;0.75;rookie;1957726;2858566;6766061;6774209;6770846;7128033;6445984;5801059;6228839
7083;Tyler Huntley;QB;7;BAL;5.425;3679167;3679167;0.0;0.75;performance;3679167;4588244;6743296;6745891;6744820;7806178;5755005;3917222;4588244
5857;Noah Fant;TE;8;NO;5.227;3414756;3414756;0.0;0.75;performance;3414756;4338645;6733147;6736031;6734841;7757290;5781744;3973789;4338645
7496;Nick Westbrook-Ikhine;WR;7;IND;5.408;3655628;3655628;0.0;0.75;performance;3655628;4566210;6721262;6723857;6722786;7779593;5737227;3903981;4566210
13275;Ty Simpson;QB;1;LAR;0.0;0;0;0.0;0.75;rookie;0;0;6687195;6695248;6691924;7044948;6370849;5733442;6156235
9480;Brenton Strange;TE;4;JAX;5.555;3857253;3857253;0.0;0.75;performance;3857253;4753823;6669425;6671732;6670780;7753691;5660475;3812096;4753823
3164;Ezekiel Elliott;RB;10;LAC;5.172;3343396;3343396;0.0;0.75;performance;3343396;4270466;6664968;6667852;6666662;7675030;5726736;3933649;4270466
7607;Michael Carter;RB;6;TEN;5.352;3580042;3580042;0.0;0.75;performance;3580042;4495215;6650267;6652862;6651791;7693936;5679947;3861464;4495215
3225;Tyler Boyd;WR;10;TEN;5.148;3312481;3312481;0.0;0.75;performance;3312481;4240816;6635318;6638202;6637012;7639256;5702814;3916259;4240816
6219;Austin Seibert;K;7;WSH;5.284;3490522;3490522;0.0;0.75;performance;3490522;4410646;6565698;6568293;6567222;7591901;5611715;3811109;4410646
1348;Dustin Hopkins;K;13;CLE;5.09;3238937;3238937;0.0;0.75;performance;3238937;4170002;6564504;6567388;6566198;7553817;5645679;3874891;4170002
5185;Allen Lazard;WR;8;NYJ;5.079;3224488;3224488;0.0;0.75;performance;3224488;4156042;6550544;6553428;6552238;7536975;5634416;3866763;4156042
8125;Calvin Austin;WR;5;NYG;5.263;3462835;3462835;0.0;0.75;performance;3462835;4384380;6539432;6542027;6540956;7560211;5590523;3795535;4384380
12508;Jaxson Dart;QB;2;NYG;10.513;13816272;13816272;0.0;0.75;rookie;13816272;12377347;6534844;6542714;6539466;6884447;6225705;5602820;6015981
12504;Kaleb Johnson;RB;2;GB;0.477;28401;28401;0.0;0.75;rookie;28401;119492;6498343;6506169;6502939;6845993;6190931;5571524;5982377
4068;Mike Williams;WR;9;LAC;4.953;3066505;3066505;0.0;0.75;performance;3066505;4002370;6396872;6399756;6398566;7351565;5510430;3777898;4002370
8917;KaVontae Turpin;WR;5;DAL;5.133;3293889;3293889;0.0;0.75;performance;3293889;4222952;6378004;6380599;6379528;7365443;5460278;3700502;4222952
4233;Zane Gonzalez;K;10;MIA;4.876;2971719;2971719;0.0;0.75;performance;2971719;3909221;6303723;6306607;6305417;7239178;5435275;3724581;3909221
829;Andy Dalton;QB;16;PHI;4.861;2953199;2953199;0.0;0.75;performance;2953199;3890935;6285437;6288321;6287131;7217116;5420522;3714164;3890935
8117;Jalen Tolbert;WR;5;MIA;5.045;3181503;3181503;0.0;0.75;performance;3181503;4114420;6269472;6272067;6270996;7234497;5372713;3637286;4114420
3271;Tyler Higbee;TE;11;LAR;4.843;2932235;2932235;0.0;0.75;performance;2932235;3870200;6264702;6267586;6266396;7192099;5403793;3702371;3870200
11596;Ben Sinnott;TE;3;WSH;1.129;159377;159377;0.0;0.75;rookie;159377;435666;6262554;6270096;6266983;6597590;5966296;5369365;5765310
8122;Zonovan Knight;RB;5;ARI;5.033;3166806;3166806;0.0;0.75;performance;3166806;4100157;6255209;6257804;6256733;7217287;5361205;3629018;4100157
7562;Tutu Atwell;WR;6;LAR;5.027;3158422;3158422;0.0;0.75;performance;3158422;4092013;6247065;6249660;6248589;7207462;5354634;3624302;4092013
6865;Colby Parkinson;TE;7;LAR;5.02;3150050;3150050;0.0;0.75;performance;3150050;4083875;6238927;6241522;6240451;7197644;5348069;3619593;4083875
11586;Blake Corum;RB;3;LAR;4.76;2832200;2832200;0.0;0.75;rookie;2832200;3770746;6150634;6158041;6154984;6479682;5859670;5273407;5662276
5970;Greg Dortch;WR;8;BUF;4.747;2816356;2816356;0.0;0.75;performance;2816356;3754914;6149416;6152300;6151110;7053004;5310777;3637189;3754914
6271;Olamide Zaccheaus;WR;8;ATL;4.742;2810979;2810979;0.0;0.75;performance;2810979;3749536;6144038;6146922;6145732;7046515;5306438;3634164;3749536
3200;Sterling Shepard;WR;11;NYJ;4.676;2732927;2732927;0.0;0.75;performance;2732927;3671178;6065680;6068564;6067374;6951974;5243217;3590261;3671178
10226;Andrei Iosivas;WR;4;CIN;5.042;3177594;3177594;0.0;0.75;performance;3177594;4110629;6026231;6028538;6027586;6977661;5141531;3429788;4110629
2359;Ameer Abdullah;RB;12;JAX;4.637;2687644;2687644;0.0;0.75;performance;2687644;3625461;6019963;6022847;6021657;6896814;5206331;3564789;3625461
4171;Josh Reynolds;WR;10;NYJ;4.632;2681542;2681542;0.0;0.75;performance;2681542;3619286;6013788;6016672;6015482;6889364;5201349;3561356;3619286
4574;Cooper Rush;QB;10;ATL;4.623;2671632;2671632;0.0;0.75;performance;2671632;3609249;6003751;6006635;6005445;6877255;5193251;3555782;3609249
6151;Miles Sanders;RB;8;DAL;4.612;2658434;2658434;0.0;0.75;performance;2658434;3595868;5990370;5993254;5992064;6861111;5182455;3548358;3595868
1266;Greg Zuerlein;K;14;NYJ;4.595;2639330;2639330;0.0;0.75;performance;2639330;3576470;5970972;5973856;5972666;6837707;5166805;3537612;3576470
3634;Kalif Raymond;WR;11;CHI;4.583;2625868;2625868;0.0;0.75;performance;2625868;3562781;5957283;5960167;5958977;6821189;5155759;3530040;3562781
11439;Jaleel McLaughlin;RB;4;CLE;4.985;3106278;3106278;0.0;0.75;performance;3106278;4041240;5956842;5959149;5958197;6893942;5085546;3389672;4041240
331;Philip Rivers;QB;23;IND;4.573;2614422;2614422;0.0;0.75;performance;2614422;3551127;5945629;5948513;5947323;6807129;5146357;3523601;3551127
12498;Mason Taylor;TE;2;NYJ;4.133;2135556;2135556;0.0;0.75;rookie;2135556;3051178;5945065;5952224;5949269;6263115;5663826;5097157;5473029
6039;Ty Johnson;RB;8;BUF;4.572;2612517;2612517;0.0;0.75;performance;2612517;3549186;5943688;5946572;5945382;6804787;5144791;3522530;3549186
6268;Matthew Wright;K;8;BUF;4.54;2576885;2576885;0.0;0.75;performance;2576885;3512818;5907320;5910204;5909014;6760909;5115449;3502487;3512818
5096;Ray-Ray McCloud;WR;9;CHI;4.493;2523456;2523456;0.0;0.75;performance;2523456;3458049;5852551;5855435;5854245;6694829;5071260;3472433;3458049
12519;Luther Burden;WR;2;CHI;5.373;3609089;3609089;0.0;0.75;rookie;3609089;4522542;5846014;5853054;5850148;6158765;5569461;5012233;5381843
5272;Greg Joseph;K;8;LV;4.405;2425356;2425356;0.0;0.75;performance;2425356;3356727;5751229;5754113;5752923;6572581;4989511;3417252;3356727
7828;Noah Gray;TE;6;KC;4.591;2634737;2634737;0.0;0.75;performance;2634737;3571801;5726853;5729448;5728377;6579813;4934916;3329729;3571801
9506;Sean Tucker;RB;4;TB;4.79;2868012;2868012;0.0;0.75;performance;2868012;3806450;5722052;5724359;5723407;6610662;4896113;3255648;3806450
8180;Jalen Nailor;WR;5;LV;4.558;2596769;2596769;0.0;0.75;performance;2596769;3533128;5688180;5690775;5689704;6533153;4903713;3308372;3533128
12509;Tre' Harris;WR;2;LAC;2.693;906756;906756;0.0;0.75;rookie;906756;1604915;5684441;5691286;5688461;5988548;5415531;4873704;5233099
5906;Dawson Knox;TE;8;BUF;4.31;2322012;2322012;0.0;0.75;performance;2322012;3248874;5643376;5646260;5645070;6442453;4902492;3359121;3248874
503;Graham Gano;K;18;NYG;4.258;2266675;2266675;0.0;0.75;performance;2266675;3190630;5585132;5588016;5586826;6372180;4855500;3327994;3190630
4040;JuJu Smith-Schuster;WR;10;NYG;4.225;2231328;2231328;0.0;0.75;performance;2231328;3153240;5547742;5550626;5549436;6327068;4825332;3308111;3153240
3202;Austin Hooper;TE;11;ATL;4.21;2215512;2215513;0.0;0.75;performance;2215513;3136462;5530964;5533848;5532658;6306825;4811796;3299215;3136462
8160;Kenny Pickett;QB;5;CAR;4.392;2411245;2411245;0.0;0.75;performance;2411245;3342069;5497121;5499716;5498645;6302635;4749562;3204015;3342069
5409;Tanner Hudson;TE;9;CIN;4.12;2121800;2121800;0.0;0.75;performance;2121800;3036426;5430928;5433812;5432622;6186130;4731085;3246502;3036426
2711;Taylor Heinicke;QB;11;LAC;4.105;2106241;2106241;0.0;0.75;performance;2106241;3019712;5414214;5417098;5415908;6165963;4717599;3237750;3019712
11435;Emanuel Wilson;RB;4;SEA;4.477;2505068;2505068;0.0;0.75;performance;2505068;3439134;5354736;5357043;5356091;6167485;4599753;3051492;3439134
11261;Andre Szmyt;K;5;CLE;4.263;2272001;2272001;0.0;0.75;performance;2272001;3196251;5351303;5353898;5352827;6126702;4631913;3125691;3196251
9225;Tank Bigsby;RB;4;PHI;4.421;2442805;2442805;0.0;0.75;performance;2442805;3374823;5290425;5292732;5291780;6089893;4547866;3016469;3374823
11292;Tommy DeVito;QB;4;NE;4.398;2418167;2418167;0.0;0.75;performance;2418167;3349262;5264864;5267171;5266219;6059053;4527243;3002610;3349262
6938;Cam Akers;RB;7;SEA;4.153;2156272;2156272;0.0;0.75;performance;2156272;3073350;5228402;5230997;5229926;5978420;4532754;3060593;3073350
7538;Zach Wilson;QB;6;NO;4.134;2136141;2136141;0.0;0.75;performance;2136141;3051806;5206858;5209453;5208382;5952425;4515371;3049269;3051806
10235;Roschon Johnson;RB;4;CHI;4.33;2343558;2343558;0.0;0.75;performance;2343558;3271457;5187059;5189366;5188414;5965179;4464468;2960643;3271457
12545;Tyler Shough;QB;2;NO;7.647;7308939;7308939;0.0;0.75;rookie;7308939;7677594;5172499;5178729;5176158;5449219;4927808;4434778;4761806
10444;Cedric Tillman;WR;4;NO;4.293;2304089;2304089;0.0;0.75;performance;2304089;3230047;5145649;5147956;5147004;5915217;4431057;2938441;3230047
11199;Emari Demercado;RB;4;DAL;4.293;2304089;2304089;0.0;0.75;performance;2304089;3230047;5145649;5147956;5147004;5915217;4431057;2938441;3230047
4111;D'Onta Foreman;RB;9;CLE;3.849;1851385;1851385;0.0;0.75;performance;1851385;2741303;5135805;5138689;5137499;5830055;4492972;3094393;2741303
5374;Justin Watson;WR;9;HOU;3.758;1765634;1765634;0.0;0.75;performance;1765634;2645513;5040015;5042899;5041709;5714482;4415687;3046158;2645513
12487;Terrance Ferguson;TE;2;LAR;2.423;734068;734068;0.0;0.75;rookie;734068;1369735;5039323;5045392;5042887;5308918;4800932;4320596;4639203
1837;Jimmy Garoppolo;QB;13;LAR;3.741;1749229;1749229;0.0;0.75;performance;1749229;2627057;5021559;5024443;5023253;5692215;4400796;3036930;2627057
8119;Jahan Dotson;WR;5;ATL;3.953;1953606;1953606;0.0;0.75;performance;1953606;2854053;5009105;5011700;5010629;5713832;4355820;2946593;2854053
8698;Jake Tonges;TE;5;SF;3.927;1927339;1927339;0.0;0.75;performance;1927339;2825224;4980276;4982871;4981800;5679049;4332560;2931818;2825224
9511;Keaton Mitchell;RB;4;LAC;4.142;2144382;2144382;0.0;0.75;performance;2144382;3060632;4976234;4978541;4977589;5710813;4294369;2848606;3060632
5230;Michael Badgley;K;8;BUF;3.683;1695868;1695868;0.0;0.75;performance;1695868;2566720;4961222;4964106;4962916;5619417;4352115;3006915;2566720
5086;Marquez Valdes-Scantling;WR;9;LAC;3.678;1691267;1691267;0.0;0.75;performance;1691267;2561495;4955997;4958881;4957691;5613113;4347900;3004327;2561495
5985;Foster Moreau;TE;8;HOU;3.668;1681564;1681564;0.0;0.75;performance;1681564;2550466;4944968;4947852;4946662;5599806;4339001;2998869;2550466
10219;Chris Rodriguez;RB;4;JAX;4.093;2094422;2094422;0.0;0.75;performance;2094422;3006994;4922596;4924903;4923951;5646098;4251093;2820503;3006994
4464;Nick Mullens;QB;10;JAX;3.636;1652441;1652441;0.0;0.75;performance;1652441;2517264;4911766;4914650;4913460;5559748;4312213;2982487;2517264
4351;Tim Patrick;WR;10;NYJ;3.629;1645857;1645857;0.0;0.75;performance;1645857;2509739;4904241;4907125;4905935;5550668;4306141;2978784;2509739
13274;Germie Bernard;WR;1;PIT;0.0;0;0;0.0;0.75;rookie;0;0;4903911;4909817;4907379;5166262;4671926;4204497;4514543
13345;Jonah Coleman;RB;1;DEN;0.0;0;0;0.0;0.75;rookie;0;0;4898334;4904233;4901799;5160386;4666612;4199715;4509409
12521;Elijah Arroyo;TE;2;SEA;1.717;368368;368368;0.0;0.75;rookie;368368;816669;4892728;4898620;4896188;5154480;4661271;4194908;4504247
4219;Jeremy McNichols;RB;10;WSH;3.578;1600559;1600559;0.0;0.75;performance;1600559;2457752;4852254;4855138;4853948;5487945;4264197;2953303;2457752
9482;Michael Mayer;TE;4;LV;4.027;2026756;2026756;0.0;0.75;performance;2026756;2933833;4849435;4851742;4850790;5557828;4192065;2782441;2933833
5010;Will Dissly;TE;9;LAC;3.516;1545663;1545663;0.0;0.75;performance;1545663;2394255;4788757;4791641;4790451;5411334;4212967;2922424;2394255
5973;Josh Oliver;TE;8;MIN;3.51;1540012;1540013;0.0;0.75;performance;1540013;2387688;4782190;4785074;4783884;5403410;4207668;2919246;2387688
13417;De'Zhaun Stribling;WR;1;SF;0.0;0;0;0.0;0.75;rookie;0;0;4780201;4785957;4783581;5035933;4554067;4098430;4400655
11617;Malachi Corley;WR;3;CLE;1.253;196356;196356;0.0;0.75;rookie;196356;509468;4684487;4690129;4687800;4935099;4462882;4016368;4312541
4080;Zay Jones;WR;10;HOU;3.411;1454763;1454763;0.0;0.75;performance;1454763;2287856;4682358;4685242;4684052;5282960;4127121;2871293;2287856
7608;Khalil Herbert;RB;6;ATL;3.645;1660571;1660571;0.0;0.75;performance;1660571;2526547;4681599;4684194;4683123;5318688;4091581;2781761;2526547
12483;Jack Bech;WR;2;LV;1.893;448089;448089;0.0;0.75;rookie;448089;945927;4647647;4653244;4650934;4896288;4427784;3984782;4278626
8188;Tyquan Thornton;WR;5;KC;3.607;1626006;1626006;0.0;0.75;performance;1626006;2487001;4642053;4644648;4643577;5270974;4059674;2762318;2487001
12490;Bhayshul Tuten;RB;2;JAX;3.587;1608022;1608022;0.0;0.75;rookie;1608022;2466343;4632573;4638152;4635849;4880407;4413423;3971858;4264749
4951;DJ Chark;WR;8;ATL;3.317;1374897;1374897;0.0;0.75;performance;1374897;2192991;4587493;4590377;4589187;5168504;4050582;2826368;2192991
7066;K.J. Osborn;WR;7;TEN;3.535;1562337;1562337;0.0;0.75;performance;1562337;2413601;4568653;4571248;4570177;5182415;4000453;2726505;2413601
4089;Gerald Everett;TE;9;CHI;3.283;1347261;1347261;0.0;0.75;performance;1347261;2159848;4554350;4557234;4556044;5128516;4023842;2810823;2159848
2325;Nelson Agholor;WR;11;BAL;3.246;1316713;1316713;0.0;0.75;performance;1316713;2123013;4517515;4520399;4519209;5084074;3994122;2793640;2123013
8932;Lucas Havrisik;K;5;GB;3.485;1518284;1518284;0.0;0.75;performance;1518284;2362377;4517429;4520024;4518953;5120611;3959124;2701725;2362377
6853;Van Jefferson;WR;7;WSH;3.48;1513800;1513800;0.0;0.75;performance;1513800;2357142;4512194;4514789;4513718;5114296;3954901;2699203;2357142
2078;Odell Beckham;WR;13;NYG;3.228;1302498;1302498;0.0;0.75;performance;1302498;2105800;4500302;4503186;4501996;5063306;3980235;2785644;2105800
5938;Lil'Jordan Humphrey;WR;8;DEN;3.227;1301422;1301422;0.0;0.75;performance;1301422;2104496;4498998;4501882;4500692;5061732;3979182;2785039;2104496
7694;Tommy Tremble;TE;6;CAR;3.458;1495009;1495009;0.0;0.75;performance;1495009;2335163;4490215;4492810;4491739;5087778;3937168;2688632;2335163
8147;John Metchie;WR;5;CAR;3.4;1445000;1445000;0.0;0.75;performance;1445000;2276330;4431382;4433977;4432906;5016794;3889700;2660503;2276330
6828;AJ Dillon;RB;7;CAR;3.392;1438575;1438575;0.0;0.75;performance;1438575;2268736;4423788;4426383;4425312;5007631;3883573;2656889;2268736
3976;Mitchell Trubisky;QB;10;TEN;3.149;1239525;1239525;0.0;0.75;performance;1239525;2028971;4423473;4426357;4425167;4970610;3918247;2750222;2028971
1352;Robert Woods;WR;13;PIT;3.101;1201663;1201663;0.0;0.75;performance;1201663;1982310;4376812;4379696;4378506;4914311;3880600;2728925;1982310
5955;Hunter Renfrow;WR;8;CAR;3.065;1174278;1174278;0.0;0.75;performance;1174278;1948330;4342832;4345716;4344526;4873314;3853184;2713520;1948330
10218;Xavier Hutchinson;WR;4;HOU;3.527;1554672;1554672;0.0;0.75;performance;1554672;2404715;4320317;4322624;4321672;4919432;3765160;2516894;2404715
8172;Greg Dulcich;TE;5;MIA;3.28;1344800;1344800;0.0;0.75;performance;1344800;2156888;4311940;4314535;4313464;4872685;3793332;2604140;2156888
8230;Ty Chandler;RB;5;NO;3.27;1336613;1336613;0.0;0.75;performance;1336613;2147032;4302084;4304679;4303608;4860793;3785379;2599535;2147032
12547;Kyle Williams;WR;2;NE;2.027;513422;513422;0.0;0.75;rookie;513422;1047588;4283336;4288494;4286365;4512487;4080707;3672430;3943241
11256;Tyson Bagent;QB;4;CHI;3.473;1507571;1507571;0.0;0.75;performance;1507571;2349864;4265466;4267773;4266821;4853254;3720906;2490400;2349864
7587;Dyami Brown;WR;6;WSH;3.193;1274672;1274672;0.0;0.75;performance;1274672;2071969;4227021;4229616;4228545;4770228;3724817;2564693;2071969
11716;Tip Reiman;TE;3;ARI;0.578;41809;41809;0.0;0.75;rookie;41809;159692;4200211;4205270;4203182;4424915;4001515;3601161;3866716
1379;Kyle Juszczyk;RB;14;SF;2.89;1044013;1044013;0.0;0.75;performance;1044013;1783872;4178374;4181258;4180068;4674891;3720495;2640246;1783872
11630;Roman Wilson;WR;3;PIT;1.793;402006;402006;0.0;0.75;rookie;402006;871984;4146654;4151648;4149587;4368493;3950491;3555242;3817412
4274;David Moore;WR;10;CAR;2.847;1013081;1013081;0.0;0.75;performance;1013081;1744085;4138587;4141471;4140281;4626887;3688394;2622847;1744085
9481;Luke Musgrave;TE;4;GB;3.343;1397179;1397179;0.0;0.75;performance;1397179;2219593;4135195;4137502;4136550;4696079;3615801;2428304;2219593
11597;Theo Johnson;TE;3;NYG;5.784;4182073;4182073;0.0;0.75;rookie;4182073;5051009;4121184;4126147;4124098;4341660;3926226;3533405;3793964
6869;Adam Trautman;TE;7;DEN;3.053;1165356;1165356;0.0;0.75;performance;1165356;1937217;4092269;4094864;4093793;4607645;3616096;2503203;1937217
6843;Albert Okwuegbunam;TE;7;LV;3.047;1160272;1160272;0.0;0.75;performance;1160272;1930876;4085928;4088523;4087452;4599995;3610979;2500343;1930876
13301;Antonio Williams;WR;1;WSH;0.0;0;0;0.0;0.75;rookie;0;0;4085332;4090252;4088222;4303891;3892071;3502667;3760959
12506;Harold Fannin;TE;2;CLE;7.767;7540139;7540139;0.0;0.75;rookie;7540139;7859029;4084668;4089587;4087557;4303190;3891437;3502097;3760347
5113;Cedrick Wilson;WR;9;DET;2.75;945313;945313;0.0;0.75;performance;945313;1655831;4050333;4053217;4052027;4520406;3617189;2584727;1655831
9479;Darnell Washington;TE;4;PIT;3.232;1305459;1305459;0.0;0.75;performance;1305459;2109389;4024991;4027298;4026346;4563115;3526885;2376712;2109389
9757;Kendre Miller;RB;4;NO;3.225;1300078;1300078;0.0;0.75;performance;1300078;2102865;4018467;4020774;4019822;4555244;3521622;2373685;2102865
13299;Nate Boerkircher;TE;1;JAX;0.0;0;0;0.0;0.75;rookie;0;0;3991033;3995840;3993856;4204546;3802232;3421817;3674147
11600;Ja'Tavion Sanders;TE;3;CAR;3.166;1252760;1252760;0.0;0.75;rookie;1252760;2045198;3900261;3904958;3903020;4108918;3715754;3343991;3590582
12492;Pat Bryant;WR;2;DEN;3.023;1142568;1142568;0.0;0.75;rookie;1142568;1908736;3896186;3900878;3898942;4104625;3711872;3340497;3586831
8129;Dameon Pierce;RB;5;PHI;2.823;996413;996413;0.0;0.75;performance;996413;1722519;3877571;3880166;3879095;4348607;3442872;2408172;1722519
8204;Bo Melton;WR;5;GB;2.808;985842;985842;0.0;0.75;performance;985842;1708795;3863847;3866442;3865371;4332048;3431799;2402226;1708795
6820;Clyde Edwards-Helaire;RB;7;KC;2.798;978834;978834;0.0;0.75;performance;978834;1699676;3854728;3857323;3856252;4321046;3424442;2398284;1699676
5032;Jordan Akins;TE;9;JAX;2.523;795817;795817;0.0;0.75;performance;795817;1455273;3849775;3852659;3851469;4278428;3455374;2500636;1455273
13307;Marlin Klein;TE;1;HOU;0.0;0;0;0.0;0.75;rookie;0;0;3847896;3852530;3850618;4053752;3665867;3299094;3542375
13421;Eli Raridon;TE;1;NE;0.0;0;0;0.0;0.75;rookie;0;0;3844226;3848855;3846944;4049885;3662370;3295947;3538996
9492;Trey Palmer;WR;4;NO;3.043;1157557;1157557;0.0;0.75;performance;1157557;1927486;3843088;3845395;3844443;4343644;3380122;2293517;1927486
2410;Jamison Crowder;WR;11;WSH;2.512;788768;788768;0.0;0.75;performance;788768;1445594;3840096;3842980;3841790;4266750;3447565;2496671;1445594
11650;Luke McCaffrey;WR;3;WSH;3.207;1285339;1285339;0.0;0.75;rookie;1285339;2084960;3826080;3830687;3828786;4030768;3645082;3280389;3522291
12535;Isaac TeSlaa;WR;2;DET;3.047;1160272;1160272;0.0;0.75;rookie;1160272;1930876;3823497;3828101;3826201;4028047;3642622;3278175;3519913
11581;MarShawn Lloyd;RB;3;GB;0.824;84968;84968;0.0;0.75;rookie;84968;271817;3779829;3784381;3782502;3982043;3601019;3240735;3479712
3269;Chris Moore;WR;11;BAL;2.441;744851;744851;0.0;0.75;performance;744851;1384798;3779300;3782184;3780994;4193398;3398513;2471968;1384798
10231;Elijah Higgins;TE;4;ARI;2.958;1093967;1093967;0.0;0.75;performance;1093967;1847513;3763115;3765422;3764470;4247155;3315598;2257747;1847513
8139;Zamir White;RB;5;NO;2.668;890000;890000;0.0;0.75;performance;890000;1582621;3737673;3740268;3739197;4179817;3330000;2348315;1582621
9230;Tanner McKee;QB;4;PHI;2.927;1071014;1071014;0.0;0.75;performance;1071014;1818363;3733965;3736272;3735320;4211985;3292079;2244836;1818363
13278;Max Klare;TE;1;LAR;0.0;0;0;0.0;0.75;rookie;0;0;3710243;3714711;3712867;3908734;3534725;3181073;3415651
8225;Daniel Bellinger;TE;5;TEN;2.577;829901;829901;0.0;0.75;performance;829901;1501773;3656825;3659420;3658349;4082271;3264770;2314510;1501773
5257;Tim Boyle;QB;8;TEN;2.293;657451;657451;0.0;0.75;performance;657451;1261049;3655551;3658435;3657245;4044091;3298670;2422805;1261049
11618;Jalen McMillan;WR;3;TB;5.599;3918460;3918460;0.0;0.75;rookie;3918460;4810287;3652971;3657371;3655555;3848399;3480163;3131971;3362927
13285;Malachi Fields;WR;1;NYG;0.0;0;0;0.0;0.75;rookie;0;0;3590227;3594551;3592767;3782298;3420387;3078175;3305165
6001;Drew Sample;TE;8;CIN;2.207;608672;608672;0.0;0.75;performance;608672;1190206;3584708;3587592;3586402;3958617;3241512;2395367;1190206
12536;Jaylin Noel;WR;2;HOU;2.753;947606;947606;0.0;0.75;rookie;947606;1658842;3582560;3586875;3585094;3774221;3413083;3071602;3298107
13272;Carson Beck;QB;1;ARI;0.0;0;0;0.0;0.75;rookie;0;0;3577944;3582253;3580475;3769358;3408685;3067644;3293857
11627;Troy Franklin;WR;3;DEN;7.38;6808050;6808050;0.0;0.75;rookie;6808050;7279498;3574754;3579059;3577282;3765997;3405646;3064909;3290920
12481;Cam Skattebo;RB;2;NYG;7.98;7960050;7960050;0.0;0.75;rookie;7960050;8185048;3564025;3568318;3566546;3754695;3395425;3055710;3281044
7602;Kylen Granson;TE;6;TEN;2.458;755200;755200;0.0;0.75;performance;755200;1399204;3554256;3556851;3555780;3958519;3182014;2272490;1399204
4149;Jamaal Williams;RB;9;NO;2.163;584866;584866;0.0;0.75;performance;584866;1155119;3549621;3552505;3551315;3916285;3213203;2381976;1155119
10225;Jonathan Mingo;WR;4;DAL;2.715;921573;921573;0.0;0.75;performance;921573;1624545;3540147;3542454;3541502;3978137;3135702;2160776;1624545
8413;Chris Oladokun;QB;5;KC;2.413;728022;728022;0.0;0.75;performance;728022;1361266;3516318;3518913;3517842;3912746;3151405;2257203;1361266
4054;Mo Alie-Cox;TE;10;IND;2.113;558272;558272;0.0;0.75;performance;558272;1115498;3510000;3512884;3511694;3868481;3181236;2367017;1115498
6920;Isaiah Hodgins;WR;7;PIT;2.375;705078;705078;0.0;0.75;performance;705078;1328961;3484013;3486608;3485537;3873770;3125341;2244296;1328961
13319;Oscar Delp;TE;1;NO;0.0;0;0;0.0;0.75;rookie;0;0;3477392;3481580;3479852;3663427;3312890;2981433;3201289
5695;Brandon Powell;WR;8;MIN;2.066;533484;533484;0.0;0.75;performance;533484;1078141;3472643;3475527;3474337;3823409;3151096;2353074;1078141
8220;Sincere McCormick;RB;5;SF;2.352;691292;691292;0.0;0.75;performance;691292;1309425;3464477;3467072;3466001;3850198;3109579;2236542;1309425
12510;Jalen Milroe;QB;2;SEA;0.0;0;0;0.0;0.75;rookie;0;0;3451623;3455780;3454065;3636279;3288340;2959340;3177566
13322;Sam Roush;TE;1;CHI;0.0;0;0;0.0;0.75;rookie;0;0;3450875;3455030;3453315;3635490;3287627;2958698;3176877
10214;Davis Allen;TE;4;LAR;2.613;853689;853689;0.0;0.75;performance;853689;1533943;3449545;3451852;3450900;3868824;3062602;2122591;1533943
6960;Tyler Johnson;WR;7;NYJ;2.331;679137;679137;0.0;0.75;performance;679137;1292119;3447171;3449766;3448695;3829318;3095616;2229704;1292119
5121;Braxton Berrios;WR;9;NYG;2.026;513312;513312;0.0;0.75;performance;513312;1047420;3441922;3444806;3443616;3786343;3126309;2341727;1047420
1535;Cordarrelle Patterson;RB;13;PIT;2.02;510202;510202;0.0;0.75;performance;510202;1042655;3437157;3440041;3438851;3780594;3122465;2339977;1042655
7891;Brock Wright;TE;6;DET;2.3;661250;661250;0.0;0.75;performance;661250;1266510;3421562;3424157;3423086;3798421;3074954;2219643;1266510
8135;Treylon Burks;WR;5;WSH;2.292;656467;656467;0.0;0.75;performance;656467;1259633;3414685;3417280;3416209;3790123;3069406;2216953;1259633
6154;David Sills;WR;8;TB;1.96;480200;480200;0.0;0.75;performance;480200;996325;3390827;3393711;3392521;3724695;3085085;2323101;996325
4718;Dare Ogunbowale;RB;10;HOU;1.959;479498;479498;0.0;0.75;performance;479498;995232;3389734;3392618;3391428;3723377;3084203;2322707;995232
5008;Durham Smythe;TE;9;BAL;1.948;474492;474492;0.0;0.75;performance;474492;987430;3381932;3384816;3383626;3713963;3077908;2319891;987430
4314;Johnny Mundt;TE;10;PHI;1.93;465613;465613;0.0;0.75;performance;465613;973538;3368040;3370924;3369734;3697202;3066700;2314896;973538
13311;Chris Bell;WR;1;MIA;0.0;0;0;0.0;0.75;rookie;0;0;3365875;3369929;3368256;3545944;3206648;2885821;3098626
12482;Savion Williams;WR;2;GB;1.237;191168;191168;0.0;0.75;rookie;191168;499339;3360887;3364935;3363264;3540689;3201896;2881545;3094034
4973;Hayden Hurst;TE;8;LAC;1.914;457701;457701;0.0;0.75;performance;457701;961105;3355607;3358491;3357301;3682202;3056669;2310446;961105
8145;Jeremy Ruckert;TE;5;NYJ;2.208;609592;609592;0.0;0.75;performance;609592;1191554;3346606;3349201;3348130;3707985;3014478;2190586;1191554
8800;Malik Davis;RB;5;DAL;2.2;605000;605000;0.0;0.75;performance;605000;1184816;3339868;3342463;3341392;3699855;3009042;2188002;1184816
8200;Kevin Austin;WR;5;NO;2.143;573788;573788;0.0;0.75;performance;573788;1138671;3293723;3296318;3295247;3644179;2971810;2170446;1138671
6694;D'Ernest Johnson;RB;8;TEN;1.771;391930;391930;0.0;0.75;performance;391930;855540;3250042;3252926;3251736;3554835;2971496;2273449;855540
8207;Tyler Goodson;RB;5;DAL;2.064;532529;532529;0.0;0.75;performance;532529;1076693;3231745;3234340;3233269;3569402;2921806;2147238;1076693
1992;Allen Robinson;WR;12;DET;1.733;375440;375440;0.0;0.75;performance;375440;828399;3222901;3225785;3224595;3522089;2949599;2264174;828399
11377;Tyrell Shavers;WR;4;BUF;2.337;682501;682501;0.0;0.75;performance;682501;1296917;3212519;3214826;3213874;3582846;2871364;2026298;1296917
6136;Jarrett Stidham;QB;8;DEN;1.704;362966;362966;0.0;0.75;performance;362966;807670;3202172;3205056;3203866;3497079;2932874;2257157;807670
11299;Zavier Scott;RB;4;CHI;2.28;649800;649800;0.0;0.75;performance;649800;1250026;3165628;3167935;3166983;3526272;2833532;2007903;1250026
6598;Trenton Irwin;WR;8;SF;1.65;340491;340491;0.0;0.75;performance;340491;769864;3164366;3167250;3166060;3451464;2902371;2244515;769864
5773;KhaDarel Hodge;WR;9;SF;1.648;339625;339625;0.0;0.75;performance;339625;768395;3162897;3165781;3164591;3449692;2901185;2244028;768395
8756;Brandon Johnson;WR;5;PIT;1.974;487216;487216;0.0;0.75;performance;487216;1007223;3162275;3164870;3163799;3485584;2865755;2121749;1007223
8116;Pierre Strong;RB;5;GB;1.969;484530;484530;0.0;0.75;performance;484530;1003055;3158107;3160702;3159631;3480556;2862393;2120238;1003055
12486;Dillon Gabriel;QB;2;CLE;3.903;1904501;1904501;0.0;0.75;rookie;1904501;2800080;3157522;3161325;3159756;3326444;3008152;2707184;2906817
8177;Grant Calcaterra;TE;5;PHI;1.964;482326;482326;0.0;0.75;performance;482326;999631;3154683;3157278;3156207;3476424;2859630;2118998;999631
8249;Lucas Krull;TE;5;DEN;1.962;481017;481017;0.0;0.75;performance;481017;997596;3152648;3155243;3154172;3473969;2857988;2118262;997596
8258;Cade York;K;5;NYJ;1.962;480968;480968;0.0;0.75;performance;480968;997520;3152572;3155167;3154096;3473877;2857927;2118234;997520
7593;Trey Sermon;RB;6;ATL;1.943;471922;471922;0.0;0.75;performance;471922;983416;3138468;3141063;3139992;3456860;2846547;2113146;983416
5284;Jeff Wilson;RB;9;MIA;1.591;316430;316430;0.0;0.75;performance;316430;728690;3123192;3126076;3124886;3401787;2869150;2230981;728690
11645;Javon Baker;WR;3;SF;0.0;0;0;0.0;0.75;rookie;0;0;3109519;3113264;3111719;3275873;2962420;2666028;2862625
5880;Parris Campbell;WR;8;DAL;1.565;306297;306297;0.0;0.75;performance;306297;711117;3105619;3108503;3107313;3380585;2854972;2225281;711117
7989;DJ Turner;WR;6;HOU;1.898;450269;450269;0.0;0.75;performance;450269;949376;3104428;3107023;3105952;3415791;2819083;2100966;949376
11643;Jaylen Wright;RB;3;MIA;2.557;817068;817068;0.0;0.75;rookie;817068;1484322;3097406;3101136;3099596;3263111;2950879;2655642;2851473
7535;Hunter Long;TE;6;ARI;1.88;441800;441800;0.0;0.75;performance;441800;935952;3091004;3093599;3092528;3399594;2808253;2096202;935952
10871;Luke Schoonmaker;TE;4;DAL;2.187;597689;597689;0.0;0.75;performance;597689;1174061;3089663;3091970;3091018;3434618;2772241;1978591;1174061
3423;Robbie Chosen;WR;11;WSH;1.523;290068;290068;0.0;0.75;performance;290068;682668;3077170;3080054;3078864;3346260;2832019;2216152;682668
11168;Xavier Smith;WR;4;LAR;2.17;588612;588613;0.0;0.75;performance;588613;1160664;3076266;3078573;3077621;3418454;2761432;1973486;1160664
3258;Nick Vannett;TE;11;BAL;1.516;287333;287333;0.0;0.75;performance;287333;677833;3072335;3075219;3074029;3340427;2828118;2214614;677833
8583;Stone Smartt;TE;5;NO;1.852;428584;428584;0.0;0.75;performance;428584;914874;3069926;3072521;3071450;3374162;2791246;2088768;914874
12496;Tai Felton;WR;2;MIN;0.48;28800;28800;0.0;0.75;rookie;28800;120748;3062412;3066100;3064578;3226245;2917540;2625639;2819258
10212;Josh Whyle;TE;4;GB;2.135;569778;569778;0.0;0.75;performance;569778;1132697;3048299;3050606;3049654;3384711;2738868;1962891;1132697
8127;Charlie Kolar;TE;5;LAC;1.822;414809;414809;0.0;0.75;performance;414809;892730;3047782;3050377;3049306;3347446;2773380;2081020;892730
8423;Brittain Brown;RB;5;CHI;1.82;414050;414050;0.0;0.75;performance;414050;891505;3046557;3049152;3048081;3345968;2772392;2080593;891505
5917;Mecole Hardman;WR;8;BUF;1.477;272753;272753;0.0;0.75;performance;272753;651870;3046372;3049256;3048066;3309102;2807171;2206412;651870
13289;Drew Allar;QB;1;PIT;0.0;0;0;0.0;0.75;rookie;0;0;3045222;3048889;3047375;3208136;2901164;2610900;2803433
6144;Trayveon Williams;RB;8;DET;1.467;268889;268889;0.0;0.75;performance;268889;644932;3039434;3042318;3041128;3300731;2801573;2204239;644932
11629;Devontez Walker;WR;3;BAL;1.526;291021;291021;0.0;0.75;rookie;291021;684349;3017679;3021313;3019813;3179119;2874924;2587286;2778077
8168;Skyy Moore;WR;5;GB;1.747;381647;381647;0.0;0.75;performance;381647;838650;2993702;2996297;2995226;3282196;2729747;2062366;838650
13296;Caleb Douglas;WR;1;MIA;0.0;0;0;0.0;0.75;rookie;0;0;2992376;2995979;2994492;3152463;2850818;2565592;2754782
4029;Dalvin Cook;RB;9;DAL;1.387;240488;240488;0.0;0.75;performance;240488;593137;2987639;2990523;2989333;3238239;2759784;2188264;593137
12540;Chimere Dike;WR;2;TEN;5.013;3141689;3141689;0.0;0.75;rookie;3141689;4075743;2971527;2975106;2973629;3130499;2830955;2547717;2735589
11584;Bucky Irving;RB;3;TB;10.013;12531270;12531270;0.0;0.75;rookie;12531270;11503519;2969423;2972999;2971524;3128282;2828951;2545913;2733653
4992;Dante Pettis;WR;9;SF;1.351;228263;228263;0.0;0.75;performance;228263;570375;2964877;2967761;2966571;3210776;2741419;2181387;570375
7568;Brevin Jordan;TE;6;HOU;1.7;361349;361349;0.0;0.75;performance;361349;804970;2960022;2962617;2961546;3241561;2702573;2050949;804970
7537;Jaret Patterson;RB;6;MIN;1.663;345835;345835;0.0;0.75;performance;345835;778907;2933959;2936554;2935483;3210116;2681545;2042222;778907
11370;Chris Brooks;RB;4;GB;1.987;493356;493356;0.0;0.75;performance;493356;1016727;2932329;2934636;2933684;3244790;2645301;1919904;1016727
11592;Erick All;TE;3;CIN;1.721;370173;370173;0.0;0.75;rookie;370173;819668;2931026;2934555;2933099;3087830;2792370;2512992;2698304
6109;Alec Ingold;RB;8;LAC;1.283;205868;205868;0.0;0.75;performance;205868;527869;2922371;2925255;2924065;3159491;2707124;2168790;527869
8489;Drew Ogletree;TE;5;IND;1.615;326028;326028;0.0;0.75;performance;326028;745205;2900257;2902852;2901781;3169453;2654353;2031081;745205
8208;Tyler Badie;RB;5;DEN;1.612;325020;325020;0.0;0.75;performance;325020;743475;2898527;2901122;2900051;3167366;2652958;2030513;743475
6659;Craig Reynolds;RB;8;WSH;1.219;185649;185649;0.0;0.75;performance;185649;488487;2882989;2885873;2884683;3111976;2675350;2157416;488487
13288;Nicholas Singleton;RB;1;TEN;0.0;0;0;0.0;0.75;rookie;0;0;2882331;2885802;2884370;3036531;2745979;2471242;2653476
6963;Patrick Taylor;RB;7;SF;1.588;315324;315324;0.0;0.75;performance;315324;726778;2881830;2884425;2883354;3147221;2639486;2025060;726778
6290;Scotty Miller;WR;8;CHI;1.213;184022;184022;0.0;0.75;performance;184022;485274;2879776;2882660;2881470;3108100;2672757;2156502;485274
8181;Connor Heyward;RB;5;LV;1.582;312709;312709;0.0;0.75;performance;312709;722253;2877305;2879900;2878829;3141761;2635835;2023589;722253
13293;Ja'Kobi Lane;WR;1;BAL;0.0;0;0;0.0;0.75;rookie;0;0;2874172;2877633;2876205;3027935;2738206;2464247;2645964
6427;Ashton Dulin;WR;8;IND;1.196;178752;178752;0.0;0.75;performance;178752;474813;2869315;2872199;2871009;3095478;2664317;2153537;474813
7842;Luke Farrell;TE;6;SF;1.567;306806;306806;0.0;0.75;performance;306806;712003;2867055;2869650;2868579;3129394;2627565;2020268;712003
4443;Pharaoh Brown;TE;10;IND;1.175;172676;172676;0.0;0.75;performance;172676;462656;2857158;2860042;2858852;3080811;2654509;2150119;462656
7064;Darrynton Evans;RB;6;BUF;1.537;295117;295117;0.0;0.75;performance;295117;691560;2846612;2849207;2848136;3104729;2611071;2013693;691560
10234;Derius Davis;WR;4;LAC;1.869;436489;436489;0.0;0.75;performance;436489;927502;2843104;2845411;2844459;3137137;2573311;1887916;927502
7438;Kristian Wilkerson;WR;7;ATL;1.524;290487;290487;0.0;0.75;performance;290487;683407;2838459;2841054;2839983;3094892;2604493;2011089;683407
6323;Andrew Beck;RB;8;NYJ;1.112;154554;154554;0.0;0.75;performance;154554;425740;2820242;2823126;2821936;3036271;2624724;2139926;425740
11306;Xavier Gipson;WR;4;PHI;1.837;421967;421967;0.0;0.75;performance;421967;904259;2819861;2822168;2821216;3109095;2554559;1879747;904259
9497;Jalin Hyatt;WR;4;NYG;1.823;415568;415568;0.0;0.75;performance;415568;893956;2809558;2811865;2810913;3096663;2546246;1876148;893956
4995;Ian Thomas;TE;9;LV;1.087;147606;147606;0.0;0.75;performance;147606;411303;2805805;2808689;2807499;3018851;2613075;2136017;411303
10867;Jake Bobo;WR;4;SEA;1.805;407223;407223;0.0;0.75;performance;407223;880458;2796060;2798367;2797415;3080378;2535356;1871454;880458
13320;Zachariah Branch;WR;1;ATL;0.0;0;0;0.0;0.75;rookie;0;0;2791271;2794632;2793245;2940599;2659226;2393169;2569645
13353;Chris Brazzell;WR;1;CAR;0.0;0;0;0.0;0.75;rookie;0;0;2772991;2776330;2774952;2921341;2641811;2377496;2552817
11603;AJ Barner;TE;3;SEA;5.993;4490006;4490006;0.0;0.75;rookie;4490006;5327452;2772563;2775902;2774524;2920891;2641404;2377130;2552423
4854;River Cracraft;WR;10;WSH;1.021;130365;130365;0.0;0.75;performance;130365;374718;2769220;2772104;2770914;2974711;2583558;2126319;374718
7565;Terrace Marshall;WR;6;MIA;1.417;250844;250844;0.0;0.75;performance;250844;612192;2767244;2769839;2768768;3008969;2547036;1988790;612192
7716;John Bates;TE;6;WSH;1.412;249100;249100;0.0;0.75;performance;249100;608997;2764049;2766644;2765573;3005114;2544458;1987809;608997
260;Josh Johnson;QB;19;CIN;1.003;125835;125835;0.0;0.75;performance;125835;364909;2759411;2762295;2761105;2962876;2575644;2123771;364909
6588;Tom Kennedy;WR;8;DET;1.003;125835;125835;0.0;0.75;performance;125835;364909;2759411;2762295;2761105;2962876;2575644;2123771;364909
2471;Michael Burton;RB;12;CLE;1.002;125384;125384;0.0;0.75;performance;125384;363928;2758430;2761314;2760124;2961692;2574852;2123517;363928
2446;MyCole Pruitt;TE;11;PIT;0.978;119495;119495;0.0;0.75;performance;119495;351033;2745535;2748419;2747229;2946134;2564448;2120205;351033
8076;Michael Bandy;WR;6;DEN;1.353;228939;228939;0.0;0.75;performance;228939;571642;2726694;2729289;2728218;2960045;2514319;1976468;571642
6850;Harrison Bryant;TE;7;SEA;1.353;228702;228702;0.0;0.75;performance;228702;571198;2726250;2728845;2727774;2959509;2513961;1976335;571198
12541;Dont'e Thornton;WR;2;LV;1.05;137813;137813;0.0;0.75;rookie;137813;390662;2723090;2726370;2725016;2868771;2594271;2334713;2506878
7595;Tylan Wallace;WR;6;CLE;1.345;226027;226027;0.0;0.75;performance;226027;566181;2721233;2723828;2722757;2953455;2509912;1974830;566181
8253;Deven Thompkins;WR;5;LV;1.343;225568;225568;0.0;0.75;performance;225568;565318;2720370;2722965;2721894;2952414;2509216;1974572;565318
11210;Malik Heath;WR;4;ATL;1.692;357717;357717;0.0;0.75;performance;357717;798894;2714496;2716803;2715851;2981969;2469548;1843607;798894
3357;Brandon Allen;QB;11;NYG;0.916;104829;104829;0.0;0.75;performance;104829;318196;2712698;2715582;2714392;2906515;2537954;2111955;318196
5154;Trent Sherfield;WR;9;BUF;0.913;104173;104173;0.0;0.75;performance;104173;316703;2711205;2714089;2712899;2904714;2536750;2111586;316703
6699;Gunner Olszewski;WR;8;NYG;0.907;102756;102756;0.0;0.75;performance;102756;313465;2707967;2710851;2709661;2900807;2534137;2110789;313465
11599;Cade Stover;TE;3;HOU;1.579;311701;311701;0.0;0.75;rookie;311701;720507;2700401;2703653;2702311;2844868;2572655;2315259;2485990
12524;Shedeur Sanders;QB;2;CLE;6.153;4732939;4732939;0.0;0.75;rookie;4732939;5542205;2693692;2696936;2695597;2837799;2566263;2309507;2479814
11421;Ryan Miller;WR;4;MIA;1.654;342157;342157;0.0;0.75;performance;342157;772688;2688290;2690597;2689645;2950350;2448404;1834855;772688
7606;Kadarius Toney;WR;4;CLE;1.65;340491;340491;0.0;0.75;performance;340491;769864;2685466;2687773;2686821;2946943;2446126;1833917;769864
13317;Ted Hurst;WR;1;TB;0.0;0;0;0.0;0.75;rookie;0;0;2678583;2681809;2680478;2821883;2551870;2296554;2465905
4435;Anthony Firkser;TE;10;DET;0.847;89606;89606;0.0;0.75;performance;89606;282869;2677371;2680255;2679065;2863893;2509452;2103392;282869
11510;Hunter Luepke;RB;4;DAL;1.622;328725;328725;0.0;0.75;performance;328725;749824;2665426;2667733;2666781;2922765;2429957;1827299;749824
7746;Austin Trammell;WR;6;JAX;1.234;190267;190267;0.0;0.75;performance;190267;497574;2652626;2655221;2654150;2870680;2454559;1954715;497574
12539;Arian Smith;WR;2;NYJ;0.573;41089;41089;0.0;0.75;rookie;41089;157626;2647975;2651164;2649848;2789637;2522709;2270310;2437727
3832;C.J. Ham;RB;11;MIN;0.77;74112;74113;0.0;0.75;performance;74113;245331;2639833;2642717;2641527;2818602;2479166;2094677;245331
11433;Nate Adkins;TE;4;DEN;1.58;312103;312103;0.0;0.75;performance;312103;721203;2636805;2639112;2638160;2888233;2406865;1817949;721203
4189;Eric Saubert;TE;10;SEA;0.746;69521;69521;0.0;0.75;performance;69521;233841;2628343;2631227;2630037;2804740;2469896;2092095;233841
8195;Ronnie Rivers;RB;5;LAR;1.188;176517;176517;0.0;0.75;performance;176517;470353;2625405;2628000;2626929;2837837;2432597;1946981;470353
7757;Ben Skowronek;WR;6;PIT;1.18;174050;174050;0.0;0.75;performance;174050;465415;2620467;2623062;2621991;2831878;2428612;1945593;465415
2750;DeAndre Carter;WR;12;CLE;0.728;66160;66160;0.0;0.75;performance;66160;225310;2619812;2622696;2621506;2794447;2463013;2090204;225310
6798;Jalen Reagor;WR;7;MIA;1.174;172196;172196;0.0;0.75;performance;172196;461692;2616744;2619339;2618268;2827387;2425609;1944551;461692
6996;JaMycal Hasty;RB;7;NE;1.162;168781;168781;0.0;0.75;performance;168781;454806;2609858;2612453;2611382;2819079;2420053;1942629;454806
4353;Patrick Ricard;RB;10;NYG;0.701;61349;61349;0.0;0.75;performance;61349;212908;2607410;2610294;2609104;2779482;2453006;2087498;212908
11034;Jalen Brooks;WR;4;ARI;1.536;294746;294746;0.0;0.75;performance;294746;690908;2606510;2608817;2607865;2851681;2382422;1808185;690908
11371;Julian Hill;TE;4;NE;1.492;278445;278445;0.0;0.75;performance;278445;662046;2577648;2579955;2579003;2816859;2359136;1799016;662046
12531;Trevor Etienne;RB;2;CAR;0.543;36901;36901;0.0;0.75;rookie;36901;145417;2576523;2579625;2578345;2714362;2454637;2209049;2371948
7812;Simi Fehoko;WR;6;ARI;1.103;152150;152150;0.0;0.75;performance;152150;420763;2575815;2578410;2577339;2778005;2392586;1933274;420763
5209;Mike Boone;RB;8;MIA;0.622;48379;48379;0.0;0.75;performance;48379;178166;2572668;2575552;2574362;2737566;2424975;2080202;178166
4602;Robert Tonyan;TE;10;PIT;0.621;48184;48184;0.0;0.75;performance;48184;177629;2572131;2575015;2573825;2736918;2424542;2080093;177629
12469;Dylan Sampson;RB;2;CLE;3.627;1644089;1644089;0.0;0.75;rookie;1644089;2507716;2569890;2572985;2571708;2707375;2448318;2203363;2365842
11577;Will Shipley;RB;3;PHI;0.645;52003;52003;0.0;0.75;rookie;52003;188086;2569346;2572441;2571164;2706802;2447800;2202896;2365342
8500;John FitzPatrick;TE;5;CLE;1.087;147606;147606;0.0;0.75;performance;147606;411303;2566355;2568950;2567879;2766591;2384953;1930718;411303
2545;Geoff Swaim;TE;11;CLE;0.581;42147;42147;0.0;0.75;performance;42147;160660;2555162;2558046;2556856;2716444;2410851;2076697;160660
6814;Laviska Shenault;WR;6;BUF;1.059;140234;140234;0.0;0.75;performance;140234;395798;2550850;2553445;2552374;2747884;2372444;1926571;395798
8849;Tanner Conner;TE;5;NE;1.047;136939;136939;0.0;0.75;performance;136939;388803;2543855;2546450;2545379;2739445;2366800;1924718;388803
10220;Will Mallory;TE;4;IND;1.42;252050;252050;0.0;0.75;performance;252050;614397;2529999;2532306;2531354;2759369;2320692;1784169;614397
11056;Jared Wayne;WR;4;HOU;1.417;250868;250868;0.0;0.75;performance;250868;612235;2527837;2530144;2529192;2756761;2318947;1783504;612235
8123;Hassan Haskins;RB;5;NE;1.009;127193;127193;0.0;0.75;performance;127193;367859;2522911;2525506;2524435;2714175;2349902;1919236;367859
11257;Shedrick Jackson;WR;4;BAL;1.407;247339;247339;0.0;0.75;performance;247339;605764;2521366;2523673;2522721;2748953;2313726;1781519;605764
6402;Steven Sims;WR;8;ARI;0.496;30727;30727;0.0;0.75;performance;30727;126758;2521260;2524144;2522954;2675541;2383499;2070273;126758
11575;Ray Davis;RB;3;BUF;3.622;1639710;1639710;0.0;0.75;rookie;1639710;2502705;2510114;2513137;2511889;2644401;2391370;2152112;2310812
12474;Woody Marks;RB;2;HOU;6.213;4825689;4825689;0.0;0.75;rookie;4825689;5623464;2508624;2511645;2510399;2642831;2389951;2150835;2309441
8202;Michael Woods;WR;5;DEN;0.979;119903;119903;0.0;0.75;performance;119903;351931;2506983;2509578;2508507;2694957;2337051;1915135;351931
6386;Alex Bachman;WR;8;LAR;0.443;24494;24494;0.0;0.75;performance;24494;106938;2501440;2504324;2503134;2651627;2367507;2066767;106938
6012;Travis Homer;RB;8;PIT;0.407;20676;20676;0.0;0.75;performance;20676;94173;2488675;2491559;2490369;2636227;2357208;2064619;94173
5013;Anthony Miller;WR;8;BAL;0.404;20395;20395;0.0;0.75;performance;20395;93214;2487716;2490600;2489410;2635069;2356434;2064461;93214
111;Marcedes Lewis;TE;21;DEN;0.362;16362;16362;0.0;0.75;performance;16362;79017;2473519;2476403;2475213;2617940;2344980;2062193;79017
11068;Mitch Tinsley;WR;4;CIN;1.32;217800;217800;0.0;0.75;performance;217800;550653;2466255;2468562;2467610;2682460;2269261;1764904;550653
3048;Chris Manhertz;TE;12;NYG;0.335;14020;14020;0.0;0.75;performance;14020;70370;2464872;2467756;2466566;2607508;2338003;2060875;70370
11651;Isaac Guerendo;RB;3;SF;3.472;1506993;1506993;0.0;0.75;rookie;1506993;2349188;2454856;2457812;2456592;2586186;2338726;2104735;2259941
6847;Devin Duvernay;WR;7;ARI;0.88;96800;96800;0.0;0.75;performance;96800;299737;2454789;2457384;2456313;2631985;2294940;1902140;299737
2152;Teddy Bridgewater;QB;13;DET;0.3;11250;11250;0.0;0.75;performance;11250;59662;2454164;2457048;2455858;2594588;2329364;2059317;59662
6931;DeeJay Dallas;RB;7;MIN;0.868;94254;94254;0.0;0.75;performance;94254;293805;2448857;2451452;2450381;2624827;2290154;1900708;293805
8206;Skylar Thompson;QB;5;BAL;0.863;93139;93139;0.0;0.75;performance;93139;291195;2446247;2448842;2447771;2621678;2288048;1900081;291195
13414;Kaelon Black;RB;1;SF;0.0;0;0;0.0;0.75;rookie;0;0;2444764;2447708;2446493;2575554;2329111;2096082;2250651
11569;Jarquez Hunter;RB;2;MIA;0.0;0;0;0.0;0.75;rookie;0;0;2444172;2447115;2445901;2574931;2328547;2095575;2250106
13434;Will Kacmarek;TE;1;MIA;0.0;0;0;0.0;0.75;rookie;0;0;2440541;2443480;2442267;2571106;2325088;2092462;2246763
5127;Kyle Allen;QB;9;BUF;0.224;6278;6278;0.0;0.75;performance;6278;38519;2433021;2435905;2434715;2569079;2312305;2056520;38519
5285;Ross Dwelley;TE;9;CAR;0.163;3335;3335;0.0;0.75;performance;3335;23968;2418470;2421354;2420164;2551522;2300565;2054865;23968
6202;Jakob Johnson;RB;8;HOU;0.156;3036;3036;0.0;0.75;performance;3036;22336;2416838;2419722;2418532;2549553;2299248;2054696;22336
2755;Eric Tomlinson;TE;11;LAC;0.138;2392;2392;0.0;0.75;performance;2392;18681;2413183;2416067;2414877;2545143;2296300;2054335;18681
2381;Chris Conley;WR;11;SF;0.136;2297;2297;0.0;0.75;performance;2297;18124;2412626;2415510;2414320;2544471;2295850;2054281;18124
11595;Jared Wiley;TE;3;KC;0.198;4917;4917;0.0;0.75;rookie;4917;32071;2403406;2406301;2405106;2531984;2289710;2060623;2212577
1250;Will Johnson;TE;9;ARI;0.0;0;0;0.0;0.75;performance;0;0;2394502;2397386;2396196;2522604;2281227;2052989;0
1737;Case Keenum;QB;15;CHI;0.0;0;0;0.0;0.75;performance;0;0;2394502;2397386;2396196;2522604;2281227;2052989;0
1800;Jordan Matthews;TE;12;CAR;0.0;0;0;0.0;0.75;performance;0;0;2394502;2397386;2396196;2522604;2281227;2052989;0
1842;Derrick Johnson;WR;12;CIN;0.0;0;0;0.0;0.75;performance;0;0;2394502;2397386;2396196;2522604;2281227;2052989;0
2334;Phillip Dorsett;WR;12;LV;0.0;0;0;0.0;0.75;performance;0;0;2394502;2397386;2396196;2522604;2281227;2052989;0
2460;C.J. Uzomah;TE;11;PHI;0.0;0;0;0.0;0.75;performance;0;0;2394502;2397386;2396196;2522604;2281227;2052989;0
2549;Trevor Siemian;QB;12;ATL;0.0;0;0;0.0;0.75;performance;0;0;2394502;2397386;2396196;2522604;2281227;2052989;0
2818;Michael Palardy;K;12;ARI;0.0;0;0;0.0;0.75;performance;0;0;2394502;2397386;2396196;2522604;2281227;2052989;0
3155;Laquon Treadwell;WR;11;IND;0.0;0;0;0.0;0.75;performance;0;0;2394502;2397386;2396196;2522604;2281227;2052989;0
3433;Alex Erickson;WR;10;HOU;0.0;0;0;0.0;0.75;performance;0;0;2394502;2397386;2396196;2522604;2281227;2052989;0
4198;Jamal Agnew;WR;9;WSH;0.0;0;0;0.0;0.75;performance;0;0;2394502;2397386;2396196;2522604;2281227;2052989;0
4218;Trent Taylor;WR;10;SF;0.0;0;0;0.0;0.75;performance;0;0;2394502;2397386;2396196;2522604;2281227;2052989;0
4319;Zach Pascal;WR;9;NYG;0.0;0;0;0.0;0.75;performance;0;0;2394502;2397386;2396196;2522604;2281227;2052989;0
5000;Chase Edmonds;RB;9;WSH;0.0;0;0;0.0;0.75;performance;0;0;2394502;2397386;2396196;2522604;2281227;2052989;0
5038;Michael Gallup;WR;8;WSH;0.0;0;0;0.0;0.75;performance;0;0;2394502;2397386;2396196;2522604;2281227;2052989;0
5046;Royce Freeman;RB;9;LAC;0.0;0;0;0.0;0.75;performance;0;0;2394502;2397386;2396196;2522604;2281227;2052989;0
5089;Mike White;QB;9;CAR;0.0;0;0;0.0;0.75;performance;0;0;2394502;2397386;2396196;2522604;2281227;2052989;0
5101;Deon Cain;WR;8;BUF;0.0;0;0;0.0;0.75;performance;0;0;2394502;2397386;2396196;2522604;2281227;2052989;0
5110;Russell Gage;WR;8;SF;0.0;0;0;0.0;0.75;performance;0;0;2394502;2397386;2396196;2522604;2281227;2052989;0
5128;Logan Woodside;QB;9;ARI;0.0;0;0;0.0;0.75;performance;0;0;2394502;2397386;2396196;2522604;2281227;2052989;0
5134;Keith Kirkwood;WR;9;BAL;0.0;0;0;0.0;0.75;performance;0;0;2394502;2397386;2396196;2522604;2281227;2052989;0
5347;Nyheim Miller-Hines;RB;9;NO;0.0;0;0;0.0;0.75;performance;0;0;2394502;2397386;2396196;2522604;2281227;2052989;0
5781;Malik Turner;WR;9;SF;0.0;0;0;0.0;0.75;performance;0;0;2394502;2397386;2396196;2522604;2281227;2052989;0
5806;John Wolford;QB;9;MIN;0.0;0;0;0.0;0.75;performance;0;0;2394502;2397386;2396196;2522604;2281227;2052989;0
5886;Hakeem Butler;TE;8;DEN;0.0;0;0;0.0;0.75;performance;0;0;2394502;2397386;2396196;2522604;2281227;2052989;0
5903;Will Grier;QB;8;CAR;0.0;0;0;0.0;0.75;performance;0;0;2394502;2397386;2396196;2522604;2281227;2052989;0
6037;Brett Rypien;QB;8;TB;0.0;0;0;0.0;0.75;performance;0;0;2394502;2397386;2396196;2522604;2281227;2052989;0
6045;Gary Jennings;WR;8;LAC;0.0;0;0;0.0;0.75;performance;0;0;2394502;2397386;2396196;2522604;2281227;2052989;0
6185;Easton Stick;QB;8;TB;0.0;0;0;0.0;0.75;performance;0;0;2394502;2397386;2396196;2522604;2281227;2052989;0
6223;Juwann Winfree;WR;8;HOU;0.0;0;0;0.0;0.75;performance;0;0;2394502;2397386;2396196;2522604;2281227;2052989;0
6233;Matt Sokol;TE;8;PIT;0.0;0;0;0.0;0.75;performance;0;0;2394502;2397386;2396196;2522604;2281227;2052989;0
6451;Stephen Carlson;TE;8;CHI;0.0;0;0;0.0;0.75;performance;0;0;2394502;2397386;2396196;2522604;2281227;2052989;0
6453;D.J. Montgomery;WR;8;IND;0.0;0;0;0.0;0.75;performance;0;0;2394502;2397386;2396196;2522604;2281227;2052989;0
6529;Chris Myarick;TE;8;LV;0.0;0;0;0.0;0.75;performance;0;0;2394502;2397386;2396196;2522604;2281227;2052989;0
8414;Britain Covey;WR;5;PHI;0.755;71310;71310;0.0;0.75;performance;71310;238340;2393392;2395987;2394916;2557907;2245403;1887802;238340
7597;Kenny Yeboah;TE;6;ARI;0.735;67611;67611;0.0;0.75;performance;67611;229006;2384058;2386653;2385582;2546645;2237872;1885721;229006
12502;Gunnar Helm;TE;2;TEN;3.82;1824050;1824050;0.0;0.75;rookie;1824050;2710890;2383058;2385928;2384744;2510548;2270325;2043177;2193845
7536;Quintin Morris;TE;6;JAX;0.728;66309;66309;0.0;0.75;performance;66309;225690;2380742;2383337;2382266;2542645;2235197;1884989;225690
7946;Jack Stoll;TE;6;SF;0.717;64201;64201;0.0;0.75;performance;64201;220289;2375341;2377936;2376865;2536128;2230839;1883803;220289
6957;James Proche;WR;7;TEN;0.69;59512;59512;0.0;0.75;performance;59512;208109;2363161;2365756;2364685;2521433;2221012;1881166;208109
13411;Zavion Thomas;WR;1;CHI;0.0;0;0;0.0;0.75;rookie;0;0;2362900;2365745;2364571;2489311;2251120;2025894;2175287
7610;Trey Lance;QB;6;LAC;0.683;58368;58368;0.0;0.75;performance;58368;205100;2360152;2362747;2361676;2517802;2218584;1880522;205100
11576;Braelon Allen;RB;3;NYJ;3.04;1155149;1155149;0.0;0.75;rookie;1155149;1924478;2355604;2358441;2357270;2481625;2244169;2019639;2168570
8013;Tim Jones;WR;6;JAX;0.668;55834;55834;0.0;0.75;performance;55834;198384;2353436;2356031;2354960;2509699;2213166;1879096;198384
8025;Adam Prentice;RB;6;DEN;0.653;53356;53356;0.0;0.75;performance;53356;191743;2346795;2349390;2348319;2501687;2207807;1877703;191743
7599;Jermar Jefferson;RB;6;MIN;0.653;53290;53290;0.0;0.75;performance;53290;191567;2346619;2349214;2348143;2501474;2207665;1877666;191567
7075;Charlie Woerner;TE;7;ATL;0.648;52542;52542;0.0;0.75;performance;52542;189546;2344598;2347193;2346122;2499036;2206035;1877245;189546
8255;Raheem Blackshear;RB;5;DET;0.626;48974;48974;0.0;0.75;performance;48974;179808;2334860;2337455;2336384;2487287;2198178;1875238;179808
8089;Sal Cannella;TE;4;CLE;1.097;150335;150335;0.0;0.75;performance;150335;416993;2332595;2334902;2333950;2521196;2161422;1726954;416993
11157;Brycen Tremayne;WR;4;CAR;1.09;148513;148513;0.0;0.75;performance;148513;413197;2328799;2331106;2330154;2516615;2158358;1725929;413197
8170;James Mitchell;TE;5;DAL;0.603;45501;45501;0.0;0.75;performance;45501;170158;2325210;2327805;2326734;2475644;2190393;1873285;170158
8254;Julius Chestnut;RB;5;TEN;0.587;43003;43003;0.0;0.75;performance;43003;163101;2318153;2320748;2319677;2467129;2184698;1871879;163101
11378;Jordan Mims;RB;4;PHI;1.071;143300;143300;0.0;0.75;performance;143300;402271;2317873;2320180;2319228;2503433;2149543;1722997;402271
7720;Kene Nwangwu;RB;6;NYJ;0.58;42050;42050;0.0;0.75;performance;42050;160383;2315435;2318030;2316959;2463850;2182506;1871343;160383
13268;Elijah Sarratt;WR;1;BAL;0.0;0;0;0.0;0.75;rookie;0;0;2314666;2317454;2316303;2438497;2205168;1984540;2130883
11616;Jacob Cowing;WR;3;SF;0.21;5527;5527;0.0;0.75;rookie;5527;35008;2311289;2314073;2312924;2434939;2201951;1981644;2127774
8250;Tay Martin;WR;5;DET;0.567;40139;40139;0.0;0.75;performance;40139;154885;2309937;2312532;2311461;2457216;2178069;1870268;154885
7612;Dee Eskridge;WR;6;MIA;0.565;39849;39849;0.0;0.75;performance;39849;154045;2309097;2311692;2310621;2456203;2177392;1870105;154045
8885;Tucker Fisk;TE;5;LAC;0.564;39818;39818;0.0;0.75;performance;39818;153956;2309008;2311603;2310532;2456096;2177320;1870088;153956
8783;Kendric Pryor;WR;5;CIN;0.559;39041;39041;0.0;0.75;performance;39041;151698;2306750;2309345;2308274;2453371;2175498;1869651;151698
6973;J.J. Taylor;RB;6;HOU;0.553;38272;38272;0.0;0.75;performance;38272;149450;2304502;2307097;2306026;2450660;2173685;1869218;149450
9505;Deuce Vaughn;RB;4;HOU;1.026;131533;131533;0.0;0.75;performance;131533;377234;2292836;2295143;2294191;2473226;2129343;1716378;377234
8041;Shane Zylstra;TE;6;NE;0.52;33800;33800;0.0;0.75;performance;33800;136151;2291203;2293798;2292727;2434614;2162955;1866703;136151
8223;Velus Jones;WR;5;SEA;0.52;33800;33800;0.0;0.75;performance;33800;136151;2291203;2293798;2292727;2434614;2162955;1866703;136151
7050;Josiah Deguara;TE;7;PHI;0.494;30453;30453;0.0;0.75;performance;30453;125909;2280961;2283556;2282485;2422257;2154691;1864820;125909
7357;Dan Chisena;WR;7;CAR;0.487;29638;29638;0.0;0.75;performance;29638;123373;2278425;2281020;2279949;2419197;2152645;1864361;123373
10216;Kenny McIntosh;RB;4;SEA;0.993;123314;123314;0.0;0.75;performance;123314;359413;2275015;2277322;2276370;2451724;2114965;1711755;359413
12641;Jaylin Lane;WR;2;WSH;2.12;561800;561800;0.0;0.75;rookie;561800;1120781;2270424;2273158;2272030;2391888;2163019;1946607;2090153
11762;Anthony Gould;WR;3;IND;0.327;13338;13338;0.0;0.75;rookie;13338;67786;2270305;2273039;2271911;2391762;2162905;1946505;2090044
8527;Dareke Young;WR;5;LV;0.463;26835;26835;0.0;0.75;performance;26835;114514;2269566;2272161;2271090;2408508;2145497;1862785;114514
7436;Mason Kinsey;WR;7;TEN;0.457;26068;26068;0.0;0.75;performance;26068;112051;2267103;2269698;2268627;2405536;2143510;1862353;112051
10227;Payne Durham;TE;4;TB;0.977;119341;119341;0.0;0.75;performance;119341;350692;2266294;2268601;2267649;2441201;2107928;1709520;350692
7521;Chris Blair;WR;6;ATL;0.421;22106;22106;0.0;0.75;performance;22106;99019;2254071;2256666;2255595;2389813;2132996;1860125;99019
9490;Tyler Scott;WR;4;LV;0.942;111030;111030;0.0;0.75;performance;111030;332212;2247814;2250121;2249169;2418906;2093019;1704846;332212
6885;Ke'Shawn Vaughn;RB;6;SF;0.398;19761;19761;0.0;0.75;performance;19761;91030;2246082;2248677;2247606;2380175;2126550;1858805;91030
11579;Audric Estime;RB;3;MIN;3.089;1192869;1192869;0.0;0.75;rookie;1192869;1971419;2232496;2235184;2234075;2351930;2126885;1914089;2055237
5980;Myles Gaskin;RB;7;SEA;0.355;15747;15747;0.0;0.75;performance;15747;76778;2231830;2234425;2233354;2362979;2115051;1856548;76778
12505;Jalen Royals;WR;2;KC;0.0;0;0;0.0;0.75;rookie;0;0;2218695;2221367;2220264;2337391;2113737;1902256;2042532
7233;Andre Baccellia;WR;7;ARI;0.293;10756;10756;0.0;0.75;performance;10756;57684;2212736;2215331;2214260;2339942;2099646;1853740;57684
6857;Collin Johnson;WR;6;LV;0.285;10160;10160;0.0;0.75;performance;10160;55273;2210325;2212920;2211849;2337032;2097700;1853405;55273
7087;Jonathan Ward;RB;7;BAL;0.266;8857;8857;0.0;0.75;performance;8857;49864;2204916;2207511;2206440;2330506;2093337;1852672;49864
12457;Jaydon Blue;RB;2;PHI;0.833;86806;86806;0.0;0.75;rookie;86806;276214;2200854;2203504;2202410;2318596;2096740;1886959;2026107
11562;Spencer Rattler;QB;3;NO;6.72;5644800;5644800;0.0;0.75;rookie;5644800;6325150;2197709;2200356;2199264;2315283;2093744;1884264;2023212
8799;Zaire Mitchell-Paden;TE;5;HOU;0.23;6612;6612;0.0;0.75;performance;6612;40051;2195103;2197698;2196627;2318666;2085419;1851410;40051
10223;Eric Gray;RB;4;CLE;0.824;84948;84948;0.0;0.75;performance;84948;271768;2187370;2189677;2188725;2345977;2044250;1690174;271768
7713;Jaelon Darden;WR;5;SEA;0.174;3798;3798;0.0;0.75;performance;3798;26422;2181474;2184069;2182998;2302223;2074423;1849826;26422
6665;Jody Fortson;TE;7;KC;0.163;3331;3331;0.0;0.75;performance;3331;23946;2178998;2181593;2180522;2299235;2072425;1849563;23946
7943;Zach Davidson;TE;6;NYG;0.163;3331;3331;0.0;0.75;performance;3331;23946;2178998;2181593;2180522;2299235;2072425;1849563;23946
8219;Jelani Woods;TE;5;NYJ;0.147;2689;2689;0.0;0.75;performance;2689;20395;2175447;2178042;2176971;2294951;2069560;1849202;20395
12499;Elic Ayomanor;WR;2;TEN;4.67;2726113;2726113;0.0;0.75;rookie;2726113;3664310;2169888;2172501;2171422;2285973;2067238;1860410;1997600
11615;Ainias Smith;WR;3;CAR;0.241;7242;7242;0.0;0.75;rookie;7242;42878;2165796;2168404;2167328;2281662;2063340;1856902;1993833
7204;Reggie Gilliam;RB;7;NE;0.083;866;866;0.0;0.75;performance;866;8716;2163768;2166363;2165292;2280860;2060138;1848177;8716
11621;Brenden Rice;WR;3;GB;0.0;0;0;0.0;0.75;rookie;0;0;2161485;2164088;2163013;2277120;2059233;1853205;1989864
8416;Jalen Virgil;WR;5;BUF;0.064;506;506;0.0;0.75;performance;506;5828;2160880;2163475;2162404;2277376;2057807;1847975;5828
11474;Dylan Drummond;WR;4;ATL;0.767;73472;73472;0.0;0.75;performance;73472;243740;2159342;2161649;2160697;2312161;2021637;1683719;243740
10221;Ronnie Bell;WR;4;LV;0.766;73287;73287;0.0;0.75;performance;73287;243279;2158881;2161188;2160236;2311605;2021265;1683615;243279
7531;Feleipe Franks;TE;6;CAR;0.046;265;265;0.0;0.75;performance;265;3586;2158638;2161233;2160162;2274671;2055998;1847839;3586
12548;Lenny Krieg;K;5;GB;0.0;0;0;0.0;0.75;performance;0;0;2155052;2157647;2156576;2270344;2053105;1847690;0
5094;Ryan Izzo;TE;5;DET;0.0;0;0;0.0;0.75;performance;0;0;2155052;2157647;2156576;2270344;2053105;1847690;0
5251;Tyler Davis;K;5;LAR;0.0;0;0;0.0;0.75;performance;0;0;2155052;2157647;2156576;2270344;2053105;1847690;0
5965;Miles Boykin;WR;7;CHI;0.0;0;0;0.0;0.75;performance;0;0;2155052;2157647;2156576;2270344;2053105;1847690;0
6126;Irv Smith;TE;7;HOU;0.0;0;0;0.0;0.75;performance;0;0;2155052;2157647;2156576;2270344;2053105;1847690;0
6234;Deonte Harty;WR;7;BAL;0.0;0;0;0.0;0.75;performance;0;0;2155052;2157647;2156576;2270344;2053105;1847690;0
6239;Malik Taylor;WR;7;DET;0.0;0;0;0.0;0.75;performance;0;0;2155052;2157647;2156576;2270344;2053105;1847690;0
6379;Khari Blasingame;RB;7;PHI;0.0;0;0;0.0;0.75;performance;0;0;2155052;2157647;2156576;2270344;2053105;1847690;0
6805;KJ Hamler;WR;6;BUF;0.0;0;0;0.0;0.75;performance;0;0;2155052;2157647;2156576;2270344;2053105;1847690;0
6824;Donovan Peoples-Jones;WR;6;NO;0.0;0;0;0.0;0.75;performance;0;0;2155052;2157647;2156576;2270344;2053105;1847690;0
6849;Denzel Mims;WR;7;DAL;0.0;0;0;0.0;0.75;performance;0;0;2155052;2157647;2156576;2270344;2053105;1847690;0
6895;Quintez Cephus;WR;7;HOU;0.0;0;0;0.0;0.75;performance;0;0;2155052;2157647;2156576;2270344;2053105;1847690;0
6918;Salvon Ahmed;RB;7;CHI;0.0;0;0;0.0;0.75;performance;0;0;2155052;2157647;2156576;2270344;2053105;1847690;0
6927;Quez Watkins;WR;7;PHI;0.0;0;0;0.0;0.75;performance;0;0;2155052;2157647;2156576;2270344;2053105;1847690;0
6964;Sean McKeon;TE;7;IND;0.0;0;0;0.0;0.75;performance;0;0;2155052;2157647;2156576;2270344;2053105;1847690;0
6970;Stephen Sullivan;TE;6;CAR;0.0;0;0;0.0;0.75;performance;0;0;2155052;2157647;2156576;2270344;2053105;1847690;0
6984;Tony Jones;RB;6;ARI;0.0;0;0;0.0;0.75;performance;0;0;2155052;2157647;2156576;2270344;2053105;1847690;0
6989;Marquez Callaway;WR;6;LV;0.0;0;0;0.0;0.75;performance;0;0;2155052;2157647;2156576;2270344;2053105;1847690;0
7009;Trishton Jackson;WR;6;ARI;0.0;0;0;0.0;0.75;performance;0;0;2155052;2157647;2156576;2270344;2053105;1847690;0
7039;Cody White;WR;7;LV;0.0;0;0;0.0;0.75;performance;0;0;2155052;2157647;2156576;2270344;2053105;1847690;0
7045;Joshua Kelley;RB;6;TEN;0.0;0;0;0.0;0.75;performance;0;0;2155052;2157647;2156576;2270344;2053105;1847690;0
7106;Lawrence Cager;TE;7;WSH;0.0;0;0;0.0;0.75;performance;0;0;2155052;2157647;2156576;2270344;2053105;1847690;0
7143;Ben DiNucci;QB;7;DEN;0.0;0;0;0.0;0.75;performance;0;0;2155052;2157647;2156576;2270344;2053105;1847690;0
7216;Giovanni Ricci;TE;7;DET;0.0;0;0;0.0;0.75;performance;0;0;2155052;2157647;2156576;2270344;2053105;1847690;0
7237;Scotty Washington;WR;7;BAL;0.0;0;0;0.0;0.75;performance;0;0;2155052;2157647;2156576;2270344;2053105;1847690;0
7335;Bryce Perkins;QB;6;CAR;0.0;0;0;0.0;0.75;performance;0;0;2155052;2157647;2156576;2270344;2053105;1847690;0
7502;Dominique Dafney;TE;6;CAR;0.0;0;0;0.0;0.75;performance;0;0;2155052;2157647;2156576;2270344;2053105;1847690;0
7529;Gary Brightwell;RB;6;CIN;0.0;0;0;0.0;0.75;performance;0;0;2155052;2157647;2156576;2270344;2053105;1847690;0
7541;Cornell Powell;WR;6;PIT;0.0;0;0;0.0;0.75;performance;0;0;2155052;2157647;2156576;2270344;2053105;1847690;0
7551;Deon Jackson;RB;5;DET;0.0;0;0;0.0;0.75;performance;0;0;2155052;2157647;2156576;2270344;2053105;1847690;0
7559;Ihmir Smith-Marsette;WR;6;CAR;0.0;0;0;0.0;0.75;performance;0;0;2155052;2157647;2156576;2270344;2053105;1847690;0
7561;Elijah Mitchell;RB;6;PHI;0.0;0;0;0.0;0.75;performance;0;0;2155052;2157647;2156576;2270344;2053105;1847690;0
7583;Sam Ehlinger;QB;6;DEN;0.0;0;0;0.0;0.75;performance;0;0;2155052;2157647;2156576;2270344;2053105;1847690;0
7601;Rondale Moore;WR;6;MIN;0.0;0;0;0.0;0.75;performance;0;0;2155052;2157647;2156576;2270344;2053105;1847690;0
7605;Kyle Trask;QB;6;CAR;0.0;0;0;0.0;0.75;performance;0;0;2155052;2157647;2156576;2270344;2053105;1847690;0
7609;Demetric Felton;RB;5;WSH;0.0;0;0;0.0;0.75;performance;0;0;2155052;2157647;2156576;2270344;2053105;1847690;0
7703;Jacob Harris;WR;5;TB;0.0;0;0;0.0;0.75;performance;0;0;2155052;2157647;2156576;2270344;2053105;1847690;0
7729;Dez Fitzpatrick;WR;5;LAC;0.0;0;0;0.0;0.75;performance;0;0;2155052;2157647;2156576;2270344;2053105;1847690;0
7809;Avery Williams;RB;5;NYJ;0.0;0;0;0.0;0.75;performance;0;0;2155052;2157647;2156576;2270344;2053105;1847690;0
7865;Brandon Smith;WR;6;PIT;0.0;0;0;0.0;0.75;performance;0;0;2155052;2157647;2156576;2270344;2053105;1847690;0
7944;Michael Strachan;WR;5;WSH;0.0;0;0;0.0;0.75;performance;0;0;2155052;2157647;2156576;2270344;2053105;1847690;0
8002;Shane Buechele;QB;6;BUF;0.0;0;0;0.0;0.75;performance;0;0;2155052;2157647;2156576;2270344;2053105;1847690;0
8005;Tarik Black;WR;6;DET;0.0;0;0;0.0;0.75;performance;0;0;2155052;2157647;2156576;2270344;2053105;1847690;0
8094;Michael Jacobson;TE;5;NO;0.0;0;0;0.0;0.75;performance;0;0;2155052;2157647;2156576;2270344;2053105;1847690;0
8107;Nikola Kalinic;TE;5;CHI;0.0;0;0;0.0;0.75;performance;0;0;2155052;2157647;2156576;2270344;2053105;1847690;0
8114;Erik Ezukanma;WR;5;PHI;0.0;0;0;0.0;0.75;performance;0;0;2155052;2157647;2156576;2270344;2053105;1847690;0
8157;Bailey Zappe;QB;5;NYJ;0.0;0;0;0.0;0.75;performance;0;0;2155052;2157647;2156576;2270344;2053105;1847690;0
8176;Danny Gray;WR;5;PHI;0.0;0;0;0.0;0.75;performance;0;0;2155052;2157647;2156576;2270344;2053105;1847690;0
8194;Jashaun Corbin;RB;5;DAL;0.0;0;0;0.0;0.75;performance;0;0;2155052;2157647;2156576;2270344;2053105;1847690;0
8214;Cole Turner;TE;5;MIA;0.0;0;0;0.0;0.75;performance;0;0;2155052;2157647;2156576;2270344;2053105;1847690;0
8227;Teagan Quitoriano;TE;5;ARI;0.0;0;0;0.0;0.75;performance;0;0;2155052;2157647;2156576;2270344;2053105;1847690;0
8235;Samori Toure;WR;5;PHI;0.0;0;0;0.0;0.75;performance;0;0;2155052;2157647;2156576;2270344;2053105;1847690;0
8475;Montrell Washington;WR;5;HOU;0.0;0;0;0.0;0.75;performance;0;0;2155052;2157647;2156576;2270344;2053105;1847690;0
8484;Ko Kieft;TE;5;TB;0.0;0;0;0.0;0.75;performance;0;0;2155052;2157647;2156576;2270344;2053105;1847690;0
8523;Nick Muse;TE;5;ATL;0.0;0;0;0.0;0.75;performance;0;0;2155052;2157647;2156576;2270344;2053105;1847690;0
8539;Seth Green;TE;5;NO;0.0;0;0;0.0;0.75;performance;0;0;2155052;2157647;2156576;2270344;2053105;1847690;0
8745;Lance McCutcheon;WR;5;TEN;0.0;0;0;0.0;0.75;performance;0;0;2155052;2157647;2156576;2270344;2053105;1847690;0
8755;Kaden Davis;WR;5;CHI;0.0;0;0;0.0;0.75;performance;0;0;2155052;2157647;2156576;2270344;2053105;1847690;0
8801;Dennis Houston;WR;5;TB;0.0;0;0;0.0;0.75;performance;0;0;2155052;2157647;2156576;2270344;2053105;1847690;0
8861;Irv Charles;WR;5;SEA;0.0;0;0;0.0;0.75;performance;0;0;2155052;2157647;2156576;2270344;2053105;1847690;0
8921;Maurice Alexander;WR;5;CHI;0.0;0;0;0.0;0.75;performance;0;0;2155052;2157647;2156576;2270344;2053105;1847690;0
8924;Thomas Odukoya;TE;5;KC;0.0;0;0;0.0;0.75;performance;0;0;2155052;2157647;2156576;2270344;2053105;1847690;0
10215;Jake Haener;QB;4;NYG;0.739;68210;68210;0.0;0.75;performance;68210;230526;2146128;2148435;2147483;2296218;2010975;1680759;230526
11201;Blake Whiteheart;TE;4;CLE;0.719;64680;64680;0.0;0.75;performance;64680;221520;2137122;2139429;2138477;2285352;2003709;1678774;221520
11633;Jamari Thrash;WR;3;CLE;1.197;179001;179001;0.0;0.75;rookie;179001;475310;2136609;2139182;2138120;2250914;2035534;1831877;1966963
12634;Jordan Watkins;WR;2;SF;0.48;28800;28800;0.0;0.75;rookie;28800;120748;2123901;2126459;2125403;2237526;2023427;1820982;1955264
11570;Rasheen Ali;RB;3;BAL;1.4;245000;245000;0.0;0.75;rookie;245000;601463;2110002;2112543;2111495;2222884;2010186;1809066;1942469
13380;Brenen Thompson;WR;1;LAC;0.0;0;0;0.0;0.75;rookie;0;0;2089076;2091592;2090554;2200838;1990250;1791124;1923205
11655;Tyrone Tracy;RB;3;NYG;7.781;7568514;7568514;0.0;0.75;rookie;7568514;7881200;2085835;2088347;2087310;2197423;1987162;1788345;1920221
9220;Evan Hull;RB;4;ARI;0.585;42722;42722;0.0;0.75;performance;42722;162302;2077904;2080211;2079259;2213904;1955931;1666422;162302
8211;Tyrion Davis-Price;RB;4;GB;0.558;38946;38946;0.0;0.75;performance;38946;151420;2067022;2069329;2068377;2200775;1947151;1664298;151420
11773;Keilan Robinson;RB;3;NYJ;0.0;0;0;0.0;0.75;rookie;0;0;2063967;2066453;2065427;2174386;1966329;1769596;1900089
10217;Clayton Tune;QB;4;GB;0.54;36513;36513;0.0;0.75;performance;36513;144268;2059870;2062177;2061225;2192146;1941381;1662930;144268
11082;Ben Sims;TE;4;MIA;0.532;35334;35334;0.0;0.75;performance;35334;140759;2056361;2058668;2057716;2187912;1938550;1662266;140759
13305;Mike Washington;RB;1;LV;0.0;0;0;0.0;0.75;rookie;0;0;2045675;2048139;2047122;2155115;1948902;1753913;1883250
11748;Bub Means;WR;3;CLE;1.524;290487;290487;0.0;0.75;rookie;290487;683407;2044263;2046724;2045708;2153627;1947556;1752702;1881949
12467;Jordan James;RB;2;SF;0.0;0;0;0.0;0.75;rookie;0;0;2039989;2042445;2041431;2149124;1943484;1749038;1878014
8197;Peyton Hendershot;TE;4;KC;0.478;28503;28503;0.0;0.75;performance;28503;119812;2035414;2037721;2036769;2162639;1921649;1658424;119812
11792;Will Reichard;K;3;MIN;7.543;7111163;7111163;0.0;0.75;rookie;7111163;7521248;2029454;2031899;2030890;2138027;1933449;1740006;1868317
11571;Isaiah Davis;RB;3;NYJ;3.53;1557612;1557612;0.0;0.75;rookie;1557612;2408125;2010811;2013232;2012233;2118385;1915687;1724021;1851153
11647;Kimani Vidal;RB;3;LAC;5.633;3966806;3966806;0.0;0.75;rookie;3966806;4854730;1996804;1999209;1998217;2103630;1902343;1712012;1838259
11808;Jha'Quan Jackson;WR;3;TB;0.0;0;0;0.0;0.75;rookie;0;0;1984444;1986834;1985847;2090608;1890567;1701415;1826880
11610;Malik Washington;WR;3;MIA;4.373;2390756;2390756;0.0;0.75;rookie;2390756;3320747;1973607;1975984;1975003;2079191;1880243;1692124;1816903
9998;Hendon Hooker;QB;4;TEN;0.293;10751;10751;0.0;0.75;performance;10751;57665;1973267;1975574;1974622;2087657;1871507;1648438;57665
13303;Cade Klubnik;QB;1;NYJ;0.0;0;0;0.0;0.75;rookie;0;0;1972655;1975031;1974050;2078189;1879336;1691308;1816027
12471;DJ Giddens;RB;2;IND;0.41;21012;21012;0.0;0.75;rookie;21012;95322;1966172;1968540;1967563;2071359;1873160;1685749;1810059
11636;Johnny Wilson;WR;3;PHI;0.338;14241;14241;0.0;0.75;rookie;14241;71202;1964175;1966541;1965564;2069255;1871257;1684037;1808221
10228;Charlie Jones;WR;4;NYG;0.252;7961;7961;0.0;0.75;performance;7961;46033;1961635;1963942;1962990;2073622;1862122;1646869;46033
11320;Nikko Remigio;WR;4;KC;0.243;7401;7401;0.0;0.75;performance;7401;43583;1959185;1961492;1960540;2070667;1860146;1646554;43583
11806;Casey Washington;WR;3;CAR;1.053;138689;138689;0.0;0.75;rookie;138689;392523;1949069;1951416;1950447;2053340;1856866;1671085;1794314
8809;Aaron Shampklin;RB;4;MIA;0.188;4424;4424;0.0;0.75;performance;4424;29629;1945231;1947538;1946586;2053831;1848887;1644880;29629
11802;Tejhaun Palmer;WR;3;NE;0.0;0;0;0.0;0.75;rookie;0;0;1943173;1945513;1944548;2047130;1851249;1666030;1788886
11557;Joe Milton;QB;3;DAL;0.803;80668;80668;0.0;0.75;rookie;80668;261433;1938242;1940576;1939613;2041934;1846551;1661802;1784346
11598;Tanner McLachlan;TE;3;SF;0.0;0;0;0.0;0.75;rookie;0;0;1934173;1936502;1935541;2037648;1842674;1658314;1780600
12670;KeAndre Lambert-Smith;WR;2;LAC;0.677;57235;57235;0.0;0.75;rookie;57235;202106;1932810;1935138;1934177;2036212;1841376;1657145;1779346
11588;Jawhar Jordan;RB;3;HOU;3.88;1881800;1881800;0.0;0.75;rookie;1881800;2775010;1930869;1933194;1932234;2034167;1839527;1655481;1777559
11237;Jacob Saylors;RB;4;DET;0.117;1701;1701;0.0;0.75;performance;1701;14469;1930071;1932378;1931426;2035540;1836656;1643348;14469
11574;Dylan Laube;RB;3;LV;0.5;31250;31250;0.0;0.75;rookie;31250;128372;1928236;1930558;1929600;2031394;1837019;1653224;1775135
11623;Jordan Whittington;WR;3;LAR;2.014;506781;506781;0.0;0.75;rookie;506781;1037408;1926186;1928506;1927548;2029234;1835065;1651466;1773248
10210;Cameron Latu;TE;4;NE;0.087;939;939;0.0;0.75;performance;939;9264;1924866;1927173;1926221;2029260;1832456;1642919;9264
11783;Ryan Flournoy;WR;3;DAL;4.563;2603001;2603001;0.0;0.75;rookie;2603001;3539486;1924633;1926950;1925994;2027597;1833585;1650134;1771818
11384;Owen Wright;RB;4;LV;0.08;800;800;0.0;0.75;performance;800;8216;1923818;1926125;1925173;2027996;1831611;1642841;8216
11605;Jaheim Bell;TE;3;PIT;0.044;245;245;0.0;0.75;rookie;245;3382;1922176;1924491;1923535;2025009;1831245;1648028;1769556
11834;Devaughn Vele;WR;3;NO;4.497;2527914;2527914;0.0;0.75;rookie;2527914;3462630;1921857;1924172;1923216;2024673;1830941;1647755;1769263
11821;Tahj Washington;WR;3;PHI;0.01;12;13;0.0;0.75;rookie;13;363;1921686;1924001;1923046;2024493;1830779;1647608;1769105
11820;Devin Culp;TE;3;TB;0.774;74910;74910;0.0;0.75;rookie;74910;247309;1921590;1923904;1922949;2024392;1830687;1647526;1769017
11815;Cornelius Johnson;WR;3;BAL;0.0;0;0;0.0;0.75;rookie;0;0;1921588;1923902;1922947;2024390;1830685;1647524;1769015
11273;Ben VanSumeren;RB;4;KC;0.064;506;506;0.0;0.75;performance;506;5828;1921430;1923737;1922785;2025115;1829684;1642676;5828
10860;Malik Cunningham;WR;4;DET;0.037;168;168;0.0;0.75;performance;168;2549;1918151;1920458;1919506;2021159;1827039;1642486;2549
10224;Brayden Willis;TE;4;SF;0.0;0;0;0.0;0.75;performance;0;0;1915602;1917909;1916957;2018083;1824982;1642391;0
10857;Stetson Bennett;QB;4;LAR;0.0;0;0;0.0;0.75;performance;0;0;1915602;1917909;1916957;2018083;1824982;1642391;0
10863;A.T. Perry;WR;4;PIT;0.0;0;0;0.0;0.75;performance;0;0;1915602;1917909;1916957;2018083;1824982;1642391;0
10983;Sean Clifford;QB;4;CIN;0.0;0;0;0.0;0.75;performance;0;0;1915602;1917909;1916957;2018083;1824982;1642391;0
11065;Adrian Martinez;QB;4;SF;0.0;0;0;0.0;0.75;performance;0;0;1915602;1917909;1916957;2018083;1824982;1642391;0
11092;B.T. Potter;K;4;TB;0.0;0;0;0.0;0.75;performance;0;0;1915602;1917909;1916957;2018083;1824982;1642391;0
11113;Joel Wilson;TE;4;TEN;0.0;0;0;0.0;0.75;performance;0;0;1915602;1917909;1916957;2018083;1824982;1642391;0
11139;Elijah Cooks;WR;4;CAR;0.0;0;0;0.0;0.75;performance;0;0;1915602;1917909;1916957;2018083;1824982;1642391;0
11145;Tanner Brown;K;4;NO;0.0;0;0;0.0;0.75;performance;0;0;1915602;1917909;1916957;2018083;1824982;1642391;0
11186;Carlos Washington;RB;4;MIA;0.0;0;0;0.0;0.75;performance;0;0;1915602;1917909;1916957;2018083;1824982;1642391;0
11232;Isaiah Winstead;WR;4;PIT;0.0;0;0;0.0;0.75;performance;0;0;1915602;1917909;1916957;2018083;1824982;1642391;0
11280;Brady Russell;RB;4;SEA;0.0;0;0;0.0;0.75;performance;0;0;1915602;1917909;1916957;2018083;1824982;1642391;0
11304;E.J. Jenkins;TE;4;PHI;0.0;0;0;0.0;0.75;performance;0;0;1915602;1917909;1916957;2018083;1824982;1642391;0
11311;Jason Brownlee;WR;4;KC;0.0;0;0;0.0;0.75;performance;0;0;1915602;1917909;1916957;2018083;1824982;1642391;0
11381;Travis Vokolek;TE;4;ARI;0.0;0;0;0.0;0.75;performance;0;0;1915602;1917909;1916957;2018083;1824982;1642391;0
11415;Tanner Taula;TE;4;TB;0.0;0;0;0.0;0.75;performance;0;0;1915602;1917909;1916957;2018083;1824982;1642391;0
11506;Jalen Cropper;WR;4;NO;0.0;0;0;0.0;0.75;performance;0;0;1915602;1917909;1916957;2018083;1824982;1642391;0
11508;Princeton Fant;TE;4;DAL;0.0;0;0;0.0;0.75;performance;0;0;1915602;1917909;1916957;2018083;1824982;1642391;0
11520;Lucky Jackson;WR;4;DET;0.0;0;0;0.0;0.75;performance;0;0;1915602;1917909;1916957;2018083;1824982;1642391;0
12210;Cole Burgess;WR;4;PIT;0.0;0;0;0.0;0.75;performance;0;0;1915602;1917909;1916957;2018083;1824982;1642391;0
8140;Justyn Ross;WR;4;KC;0.0;0;0;0.0;0.75;performance;0;0;1915602;1917909;1916957;2018083;1824982;1642391;0
8174;Kevin Harris;RB;4;JAX;0.0;0;0;0.0;0.75;performance;0;0;1915602;1917909;1916957;2018083;1824982;1642391;0
8178;Braylon Sanders;WR;4;WSH;0.0;0;0;0.0;0.75;performance;0;0;1915602;1917909;1916957;2018083;1824982;1642391;0
8820;Troy Hairston;RB;4;CLE;0.0;0;0;0.0;0.75;performance;0;0;1915602;1917909;1916957;2018083;1824982;1642391;0
8840;Cole Fotheringham;TE;4;NE;0.0;0;0;0.0;0.75;performance;0;0;1915602;1917909;1916957;2018083;1824982;1642391;0
9227;Israel Abanikanda;RB;4;DAL;0.0;0;0;0.0;0.75;performance;0;0;1915602;1917909;1916957;2018083;1824982;1642391;0
9483;Zack Kuntz;TE;4;DAL;0.0;0;0;0.0;0.75;performance;0;0;1915602;1917909;1916957;2018083;1824982;1642391;0
9489;Justin Shorter;WR;4;LV;0.0;0;0;0.0;0.75;performance;0;0;1915602;1917909;1916957;2018083;1824982;1642391;0
9499;Bryce Ford-Wheaton;WR;4;NYG;0.0;0;0;0.0;0.75;performance;0;0;1915602;1917909;1916957;2018083;1824982;1642391;0
9510;Lew Nichols;RB;4;PIT;0.0;0;0;0.0;0.75;performance;0;0;1915602;1917909;1916957;2018083;1824982;1642391;0
12473;Mitchell Evans;TE;2;CAR;1.947;473689;473689;0.0;0.75;rookie;473689;986176;1901686;1903976;1903031;2003422;1811724;1630460;1750693
12493;Oronde Gadsden;TE;2;LAC;5.673;4023339;4023339;0.0;0.75;rookie;4023339;4906529;1872707;1874962;1874031;1972893;1784116;1605614;1724015
13491;Kaden Wetjen;WR;1;PIT;0.0;0;0;0.0;0.75;rookie;0;0;1868739;1870989;1870060;1968713;1780336;1602212;1720362
12497;Tory Horton;WR;2;SEA;4.07;2070613;2070613;0.0;0.75;rookie;2070613;2981319;1845782;1848005;1847088;1944528;1758465;1582530;1699228
12658;Jackson Hawes;TE;2;BUF;2.153;579606;579606;0.0;0.75;rookie;579606;1147318;1820822;1823015;1822110;1918233;1734686;1561129;1676250
12656;Robbie Ouzts;RB;2;SEA;0.0;0;0;0.0;0.75;rookie;0;0;1797738;1799903;1799009;1893913;1712693;1541337;1654998
12533;Jacory Croskey-Merritt;RB;2;WSH;5.727;4099339;4099339;0.0;0.75;rookie;4099339;4975878;1795932;1798095;1797202;1892011;1710973;1539789;1653336
10861;Xazavian Valladay;RB;3;MIN;0.0;0;0;0.0;0.75;rookie;0;0;1795877;1798039;1797147;1891953;1710921;1539742;1653285
10862;Dorian Thompson-Robinson;QB;3;PHI;1.755;385098;385098;0.0;0.75;rookie;385098;844332;1795877;1798039;1797147;1891953;1710921;1539742;1653285
10869;Matt Landers;WR;3;TEN;0.0;0;0;0.0;0.75;rookie;0;0;1795877;1798039;1797147;1891953;1710921;1539742;1653285
11008;Anders Carlson;K;3;NYJ;4.668;2724011;2724011;0.0;0.75;rookie;2724011;3662192;1795877;1798039;1797147;1891953;1710921;1539742;1653285
11024;Grant DuBose;WR;3;BUF;0.338;14241;14241;0.0;0.75;rookie;14241;71202;1795877;1798039;1797147;1891953;1710921;1539742;1653285
11070;Kazmeir Allen;WR;3;WSH;0.0;0;0;0.0;0.75;rookie;0;0;1795877;1798039;1797147;1891953;1710921;1539742;1653285
11073;Thayer Thomas;WR;3;DEN;0.0;0;0;0.0;0.75;rookie;0;0;1795877;1798039;1797147;1891953;1710921;1539742;1653285
11114;Elijah Dotson;RB;3;ATL;0.0;0;0;0.0;0.75;rookie;0;0;1795877;1798039;1797147;1891953;1710921;1539742;1653285
11130;Pokey Wilson;WR;3;NYJ;0.0;0;0;0.0;0.75;rookie;0;0;1795877;1798039;1797147;1891953;1710921;1539742;1653285
11169;Dresser Winn;QB;3;LAR;0.0;0;0;0.0;0.75;rookie;0;0;1795877;1798039;1797147;1891953;1710921;1539742;1653285
11312;T.J. Luther;WR;3;CAR;0.0;0;0;0.0;0.75;rookie;0;0;1795877;1798039;1797147;1891953;1710921;1539742;1653285
11347;Chase Cota;WR;3;CLE;0.0;0;0;0.0;0.75;rookie;0;0;1795877;1798039;1797147;1891953;1710921;1539742;1653285
11380;Johnny Lumpkin;TE;3;GB;0.0;0;0;0.0;0.75;rookie;0;0;1795877;1798039;1797147;1891953;1710921;1539742;1653285
11452;Jesse Matthews;WR;3;ATL;0.0;0;0;0.0;0.75;rookie;0;0;1795877;1798039;1797147;1891953;1710921;1539742;1653285
11467;John Samuel Shenker;TE;3;LV;0.0;0;0;0.0;0.75;rookie;0;0;1795877;1798039;1797147;1891953;1710921;1539742;1653285
11511;John Stephens;TE;3;DAL;0.0;0;0;0.0;0.75;rookie;0;0;1795877;1798039;1797147;1891953;1710921;1539742;1653285
11558;Sam Hartman;QB;3;WSH;0.0;0;0;0.0;0.75;rookie;0;0;1795877;1798039;1797147;1891953;1710921;1539742;1653285
11568;Blake Watson;RB;3;TEN;0.515;33102;33102;0.0;0.75;rookie;33102;134036;1795877;1798039;1797147;1891953;1710921;1539742;1653285
11573;Frank Gore;RB;3;BUF;0.0;0;0;0.0;0.75;rookie;0;0;1795877;1798039;1797147;1891953;1710921;1539742;1653285
11582;Carson Steele;RB;3;PHI;0.686;58847;58847;0.0;0.75;rookie;58847;206362;1795877;1798039;1797147;1891953;1710921;1539742;1653285
11593;Brevyn Spann-Ford;TE;3;DAL;0.965;116403;116403;0.0;0.75;rookie;116403;344198;1795877;1798039;1797147;1891953;1710921;1539742;1653285
11608;Isaiah Williams;WR;3;NYJ;2.78;966050;966050;0.0;0.75;rookie;966050;1683000;1795877;1798039;1797147;1891953;1710921;1539742;1653285
11644;Cody Schrader;RB;3;DEN;0.0;0;0;0.0;0.75;rookie;0;0;1795877;1798039;1797147;1891953;1710921;1539742;1653285
11646;Jalen Coker;WR;3;CAR;4.827;2912914;2912914;0.0;0.75;rookie;2912914;3851058;1795877;1798039;1797147;1891953;1710921;1539742;1653285
11648;Kedon Slovis;QB;3;GB;0.0;0;0;0.0;0.75;rookie;0;0;1795877;1798039;1797147;1891953;1710921;1539742;1653285
11649;Kendall Milton;RB;3;CIN;0.07;613;613;0.0;0.75;rookie;613;6725;1795877;1798039;1797147;1891953;1710921;1539742;1653285
11653;Charlie Smyth;K;3;NO;4.55;2587812;2587812;0.0;0.75;rookie;2587812;3523985;1795877;1798039;1797147;1891953;1710921;1539742;1653285
11654;Dante Miller;RB;3;NYG;0.0;0;0;0.0;0.75;rookie;0;0;1795877;1798039;1797147;1891953;1710921;1539742;1653285
11729;Sione Vaki;RB;3;DET;0.437;23886;23886;0.0;0.75;rookie;23886;104939;1795877;1798039;1797147;1891953;1710921;1539742;1653285
11786;Cam Little;K;3;JAX;6.8;5780000;5780000;0.0;0.75;rookie;5780000;6438434;1795877;1798039;1797147;1891953;1710921;1539742;1653285
11789;Joshua Karty;K;3;ARI;4.581;2622928;2622928;0.0;0.75;rookie;2622928;3559788;1795877;1798039;1797147;1891953;1710921;1539742;1653285
11851;Carter Bradley;QB;3;JAX;0.0;0;0;0.0;0.75;rookie;0;0;1795877;1798039;1797147;1891953;1710921;1539742;1653285
11859;John Rhys Plumlee;QB;3;PIT;0.0;0;0;0.0;0.75;rookie;0;0;1795877;1798039;1797147;1891953;1710921;1539742;1653285
11874;Jaylen Johnson;WR;3;LAC;0.0;0;0;0.0;0.75;rookie;0;0;1795877;1798039;1797147;1891953;1710921;1539742;1653285
11895;Mason Tipton;WR;3;NO;1.285;206285;206285;0.0;0.75;rookie;206285;528671;1795877;1798039;1797147;1891953;1710921;1539742;1653285
11911;Jeshaun Jones;WR;3;MIN;0.0;0;0;0.0;0.75;rookie;0;0;1795877;1798039;1797147;1891953;1710921;1539742;1653285
11921;Xavier Weaver;WR;3;ARI;0.857;91735;91735;0.0;0.75;rookie;91735;287895;1795877;1798039;1797147;1891953;1710921;1539742;1653285
11931;Austin Reed;QB;3;BAL;0.0;0;0;0.0;0.75;rookie;0;0;1795877;1798039;1797147;1891953;1710921;1539742;1653285
11940;JaQuae Jackson;WR;3;LAC;0.0;0;0;0.0;0.75;rookie;0;0;1795877;1798039;1797147;1891953;1710921;1539742;1653285
11942;Colson Yankoff;TE;3;WSH;0.177;3901;3901;0.0;0.75;rookie;3901;26962;1795877;1798039;1797147;1891953;1710921;1539742;1653285
11943;Michael Wiley;RB;3;TB;0.0;0;0;0.0;0.75;rookie;0;0;1795877;1798039;1797147;1891953;1710921;1539742;1653285
11959;Bryce Oliver;WR;3;HOU;0.707;62478;62478;0.0;0.75;rookie;62478;215839;1795877;1798039;1797147;1891953;1710921;1539742;1653285
11961;Emory Jones;QB;3;ATL;0.0;0;0;0.0;0.75;rookie;0;0;1795877;1798039;1797147;1891953;1710921;1539742;1653285
11963;Chris Collier;RB;3;LV;0.094;1106;1106;0.0;0.75;rookie;1106;10475;1795877;1798039;1797147;1891953;1710921;1539742;1653285
11964;Dayton Wade;WR;3;BAL;0.0;0;0;0.0;0.75;rookie;0;0;1795877;1798039;1797147;1891953;1710921;1539742;1653285
11969;Xavier Johnson;WR;3;CIN;0.0;0;0;0.0;0.75;rookie;0;0;1795877;1798039;1797147;1891953;1710921;1539742;1653285
11994;Kameron Johnson;WR;3;TB;0.79;78012;78013;0.0;0.75;rookie;78013;254951;1795877;1798039;1797147;1891953;1710921;1539742;1653285
12015;Harrison Mevis;K;3;LAR;4.123;2125235;2125235;0.0;0.75;rookie;2125235;3040112;1795877;1798039;1797147;1891953;1710921;1539742;1653285
12036;Ian Wheeler;RB;3;BUF;0.0;0;0;0.0;0.75;rookie;0;0;1795877;1798039;1797147;1891953;1710921;1539742;1653285
12062;Cam Grandy;TE;3;MIN;0.387;18678;18678;0.0;0.75;rookie;18678;87262;1795877;1798039;1797147;1891953;1710921;1539742;1653285
12070;McCallan Castles;TE;3;GB;0.0;0;0;0.0;0.75;rookie;0;0;1795877;1798039;1797147;1891953;1710921;1539742;1653285
12079;Treyton Welch;TE;3;NO;0.0;0;0;0.0;0.75;rookie;0;0;1795877;1798039;1797147;1891953;1710921;1539742;1653285
12113;Thomas Yassmin;TE;3;GB;0.0;0;0;0.0;0.75;rookie;0;0;1795877;1798039;1797147;1891953;1710921;1539742;1653285
12114;Joshua Cephus;WR;3;JAX;0.0;0;0;0.0;0.75;rookie;0;0;1795877;1798039;1797147;1891953;1710921;1539742;1653285
12151;Julian Hicks;WR;3;SEA;0.0;0;0;0.0;0.75;rookie;0;0;1795877;1798039;1797147;1891953;1710921;1539742;1653285
12154;Messiah Swinson;TE;3;CLE;0.0;0;0;0.0;0.75;rookie;0;0;1795877;1798039;1797147;1891953;1710921;1539742;1653285
12171;British Brooks;RB;3;HOU;0.077;735;735;0.0;0.75;rookie;735;7708;1795877;1798039;1797147;1891953;1710921;1539742;1653285
12185;Spencer Shrader;K;3;IND;5.028;3160517;3160517;0.0;0.75;rookie;3160517;4094049;1795877;1798039;1797147;1891953;1710921;1539742;1653285
12217;Shawn Bowman;TE;3;ARI;0.0;0;0;0.0;0.75;rookie;0;0;1795877;1798039;1797147;1891953;1710921;1539742;1653285
12256;Baylor Cupp;TE;3;ARI;0.0;0;0;0.0;0.75;rookie;0;0;1795877;1798039;1797147;1891953;1710921;1539742;1653285
12267;Qadir Ismail;WR;3;CHI;0.0;0;0;0.0;0.75;rookie;0;0;1795877;1798039;1797147;1891953;1710921;1539742;1653285
12356;Jabari Small;RB;3;DET;0.0;0;0;0.0;0.75;rookie;0;0;1795877;1798039;1797147;1891953;1710921;1539742;1653285
12357;David Martin-Robinson;TE;3;TEN;0.473;28006;28006;0.0;0.75;rookie;28006;118241;1795877;1798039;1797147;1891953;1710921;1539742;1653285
12374;Brenden Bates;TE;3;JAX;0.45;25312;25313;0.0;0.75;rookie;25313;109606;1795877;1798039;1797147;1891953;1710921;1539742;1653285
12383;John Jiles;WR;3;NE;0.0;0;0;0.0;0.75;rookie;0;0;1795877;1798039;1797147;1891953;1710921;1539742;1653285
12389;Hayden Rucci;TE;3;LAC;0.0;0;0;0.0;0.75;rookie;0;0;1795877;1798039;1797147;1891953;1710921;1539742;1653285
12412;Terrell Jennings;RB;3;NE;1.33;221113;221113;0.0;0.75;rookie;221113;556922;1795877;1798039;1797147;1891953;1710921;1539742;1653285
13240;Toa Taua;RB;3;CLE;0.0;0;0;0.0;0.75;rookie;0;0;1795877;1798039;1797147;1891953;1710921;1539742;1653285
13251;Gunnar Oakes;TE;3;DET;0.0;0;0;0.0;0.75;rookie;0;0;1795877;1798039;1797147;1891953;1710921;1539742;1653285
8670;Parker Romo;K;3;ATL;4.555;2593029;2593029;0.0;0.75;rookie;2593029;3529311;1795877;1798039;1797147;1891953;1710921;1539742;1653285
9495;Rakim Jarrett;WR;3;PIT;1.095;149769;149769;0.0;0.75;rookie;149769;415815;1795877;1798039;1797147;1891953;1710921;1539742;1653285
13402;Skyler Bell;WR;1;BUF;0.0;0;0;0.0;0.75;rookie;0;0;1776484;1778624;1777741;1871523;1692445;1523115;1635432
12495;Ollie Gordon;RB;2;MIA;2.167;586806;586806;0.0;0.75;rookie;586806;1157991;1776442;1778581;1777698;1871478;1692405;1523079;1635393
12494;Kyle McCord;QB;2;MIA;0.0;0;0;0.0;0.75;rookie;0;0;1756848;1758964;1758091;1850837;1673738;1506280;1617355
12476;Devin Neal;RB;2;MIN;3.473;1508006;1508006;0.0;0.75;rookie;1508006;2350372;1738873;1740967;1740103;1831900;1656614;1490868;1600808
13324;Matt Hibner;TE;1;BAL;0.0;0;0;0.0;0.75;rookie;0;0;1734472;1736561;1735699;1827264;1652421;1487095;1596756
13337;Emmett Johnson;RB;1;KC;0.0;0;0;0.0;0.75;rookie;0;0;1729507;1731590;1730730;1822033;1647691;1482838;1592185
12511;Will Howard;QB;2;PIT;0.0;0;0;0.0;0.75;rookie;0;0;1722433;1724508;1723652;1814581;1640952;1476773;1585673
12516;Kalel Mullings;RB;2;TEN;0.073;672;672;0.0;0.75;rookie;672;7211;1707447;1709504;1708655;1798793;1626674;1463925;1571877
13420;Bryce Lance;WR;1;NO;0.0;0;0;0.0;0.75;rookie;0;0;1695069;1697110;1696268;1785752;1614882;1453312;1560481
12470;Riley Leonard;QB;2;IND;1.083;146701;146701;0.0;0.75;rookie;146701;409412;1693835;1695875;1695033;1784452;1613706;1452254;1559345
12543;Tahj Brooks;RB;2;CIN;0.437;23835;23835;0.0;0.75;rookie;23835;104771;1681518;1683543;1682707;1771477;1601972;1441694;1548006
12705;Graham Mertz;QB;2;HOU;0.0;0;0;0.0;0.75;rookie;0;0;1670420;1672431;1671601;1759784;1591398;1432178;1537789
12700;Gavin Bartholomew;TE;2;MIN;0.0;0;0;0.0;0.75;rookie;0;0;1660464;1662464;1661638;1749296;1581914;1423642;1528624
13477;Colbie Young;WR;1;CIN;0.0;0;0;0.0;0.75;rookie;0;0;1658174;1660171;1659347;1746884;1579732;1421679;1526516
12699;LaJohntay Wester;WR;2;BAL;0.0;0;0;0.0;0.75;rookie;0;0;1651578;1653567;1652746;1739934;1573448;1416023;1520443
12523;Jimmy Horn;WR;2;CLE;1.273;202672;202672;0.0;0.75;rookie;202672;521711;1643689;1645668;1644851;1731623;1565932;1409260;1513181
13405;Kaytron Allen;RB;1;WSH;0.0;0;0;0.0;0.75;rookie;0;0;1639164;1641138;1640323;1726856;1561621;1405380;1509015
12690;Tommy Mellott;WR;2;NO;0.0;0;0;0.0;0.75;rookie;0;0;1636727;1638698;1637884;1724289;1559299;1403291;1506771
12688;Cam Miller;QB;2;MIA;0.0;0;0;0.0;0.75;rookie;0;0;1630623;1632587;1631776;1717858;1553484;1398057;1501152
12715;Thomas Fidone;TE;2;NYG;0.0;0;0;0.0;0.75;rookie;0;0;1625311;1627268;1626460;1712262;1548423;1393502;1496262
13297;Reggie Virgil;WR;1;ARI;0.0;0;0;0.0;0.75;rookie;0;0;1623690;1625646;1624839;1710555;1546879;1392113;1494770
12462;Damien Martinez;RB;2;GB;0.0;0;0;0.0;0.75;rookie;0;0;1620725;1622676;1621871;1707430;1544054;1389571;1492040
12477;Kurtis Rourke;QB;2;SF;0.0;0;0;0.0;0.75;rookie;0;0;1616802;1618749;1617945;1703298;1540317;1386207;1488429
12455;Brashard Smith;RB;2;KC;2.313;668939;668939;0.0;0.75;rookie;668939;1277539;1613481;1615424;1614622;1699800;1537153;1383360;1485372
12500;Quinn Ewers;QB;2;JAX;3.537;1563501;1563501;0.0;0.75;rookie;1563501;2414950;1610704;1612643;1611843;1696873;1534507;1380979;1482814
12534;Kyle Monangai;RB;2;CHI;5.867;4302222;4302222;0.0;0.75;rookie;4302222;5159457;1608412;1610349;1609549;1694459;1532324;1379014;1480705
12485;Tez Johnson;WR;2;TB;3.843;1846401;1846401;0.0;0.75;rookie;1846401;2735766;1606551;1608486;1607687;1692498;1530551;1377418;1478991
12544;LeQuint Allen;RB;2;JAX;1.12;156800;156800;0.0;0.75;rookie;156800;430372;1605068;1607001;1606203;1690936;1529138;1376147;1477626
12475;Ricky White;WR;2;SEA;0.0;0;0;0.0;0.75;rookie;0;0;1603913;1605845;1605048;1689720;1528038;1375157;1476563
12738;Phil Mafah;RB;2;NYG;0.0;0;0;0.0;0.75;rookie;0;0;1603038;1604969;1604172;1688798;1527205;1374407;1475758
12721;Kaden Prather;WR;2;GB;0.0;0;0;0.0;0.75;rookie;0;0;1602398;1604328;1603531;1688123;1526595;1373858;1475168
12735;Caleb Lohner;TE;2;DEN;0.0;0;0;0.0;0.75;rookie;0;0;1601950;1603879;1603083;1687651;1526168;1373474;1474756
12718;Konata Mumpfield;WR;2;LAR;1.053;138689;138689;0.0;0.75;rookie;138689;392523;1601654;1603583;1602787;1687340;1525886;1373220;1474484
12732;Dominic Lovett;WR;2;DET;0.0;0;0;0.0;0.75;rookie;0;0;1601475;1603404;1602608;1687151;1525715;1373066;1474319
12480;Moliki Matavao;TE;2;NO;0.263;8668;8668;0.0;0.75;rookie;8668;49065;1601337;1603265;1602469;1687006;1525584;1372948;1474191
12743;Junior Bergen;WR;2;NYJ;0.0;0;0;0.0;0.75;rookie;0;0;1601325;1603253;1602457;1686993;1525572;1372938;1474180
12725;Luke Lachey;TE;2;GB;0.0;0;0;0.0;0.75;rookie;0;0;1601323;1603252;1602456;1686991;1525571;1372937;1474179
13400;Justin Joly;TE;1;MIA;0.0;0;0;0.0;0.75;rookie;0;0;1591519;1593436;1592645;1676663;1516231;1364531;1465154
13516;Max Bredeson;RB;1;MIN;0.0;0;0;0.0;0.75;rookie;0;0;1561566;1563447;1562671;1645107;1487694;1338850;1437579
13408;Tanner Koziol;TE;1;JAX;0.0;0;0;0.0;0.75;rookie;0;0;1507937;1509753;1509004;1588609;1436602;1292869;1388208
11556;Devin Leary;QB;2;BAL;0.0;0;0;0.0;0.75;rookie;0;0;1496564;1498366;1497622;1576627;1425767;1283118;1377737
11561;Michael Pratt;QB;2;TB;0.0;0;0;0.0;0.75;rookie;0;0;1496564;1498366;1497622;1576627;1425767;1283118;1377737
11590;Jase McClellan;RB;2;TB;0.498;31001;31001;0.0;0.75;rookie;31001;127603;1496564;1498366;1497622;1576627;1425767;1283118;1377737
11606;Dallin Holker;TE;2;NO;0.083;861;861;0.0;0.75;rookie;861;8682;1496564;1498366;1497622;1576627;1425767;1283118;1377737
11640;Jermaine Burton;WR;2;CIN;0.545;37133;37133;0.0;0.75;rookie;37133;146100;1496564;1498366;1497622;1576627;1425767;1283118;1377737
11885;Ramel Keyton;WR;2;TEN;0.108;1455;1455;0.0;0.75;rookie;1455;12869;1496564;1498366;1497622;1576627;1425767;1283118;1377737
11897;Jermaine Jackson;WR;2;NO;0.0;0;0;0.0;0.75;rookie;0;0;1496564;1498366;1497622;1576627;1425767;1283118;1377737
11900;Jacob Kibodi;RB;2;CLE;0.0;0;0;0.0;0.75;rookie;0;0;1496564;1498366;1497622;1576627;1425767;1283118;1377737
11924;Tanner Mordecai;QB;2;SF;0.0;0;0;0.0;0.75;rookie;0;0;1496564;1498366;1497622;1576627;1425767;1283118;1377737
11925;Terique Owens;WR;2;SF;0.0;0;0;0.0;0.75;rookie;0;0;1496564;1498366;1497622;1576627;1425767;1283118;1377737
11949;Brayden Narveson;K;2;TEN;3.01;1132613;1132613;0.0;0.75;rookie;1132613;1896250;1496564;1498366;1497622;1576627;1425767;1283118;1377737
11989;D.J. Williams;RB;2;TB;0.0;0;0;0.0;0.75;rookie;0;0;1496564;1498366;1497622;1576627;1425767;1283118;1377737
11998;Emani Bailey;RB;2;CAR;0.0;0;0;0.0;0.75;rookie;0;0;1496564;1498366;1497622;1576627;1425767;1283118;1377737
12009;Jack Plummer;QB;2;CAR;0.0;0;0;0.0;0.75;rookie;0;0;1496564;1498366;1497622;1576627;1425767;1283118;1377737
12133;Drake Stoops;WR;2;LAR;0.0;0;0;0.0;0.75;rookie;0;0;1496564;1498366;1497622;1576627;1425767;1283118;1377737
12135;Neal Johnson;TE;2;NYJ;0.0;0;0;0.0;0.75;rookie;0;0;1496564;1498366;1497622;1576627;1425767;1283118;1377737
12190;Jason Bean;QB;2;IND;0.0;0;0;0.0;0.75;rookie;0;0;1496564;1498366;1497622;1576627;1425767;1283118;1377737
12215;Kevin Foelsch;TE;2;PIT;0.0;0;0;0.0;0.75;rookie;0;0;1496564;1498366;1497622;1576627;1425767;1283118;1377737
12385;Jude McAtamney;K;2;NYG;1.567;306969;306969;0.0;0.75;rookie;306969;712287;1496564;1498366;1497622;1576627;1425767;1283118;1377737
12410;John Jackson;WR;2;CHI;0.0;0;0;0.0;0.75;rookie;0;0;1496564;1498366;1497622;1576627;1425767;1283118;1377737
12435;Geor'Quarius Spivey;TE;2;KC;0.0;0;0;0.0;0.75;rookie;0;0;1496564;1498366;1497622;1576627;1425767;1283118;1377737
12460;Antwane Wells;WR;2;ATL;0.0;0;0;0.0;0.75;rookie;0;0;1496564;1498366;1497622;1576627;1425767;1283118;1377737
12472;Raheim Sanders;RB;2;CLE;2.11;556512;556513;0.0;0.75;rookie;556513;1112860;1496564;1498366;1497622;1576627;1425767;1283118;1377737
12478;Nick Nash;WR;2;WSH;0.0;0;0;0.0;0.75;rookie;0;0;1496564;1498366;1497622;1576627;1425767;1283118;1377737
12479;Ja'Quinden Jackson;RB;2;PHI;0.0;0;0;0.0;0.75;rookie;0;0;1496564;1498366;1497622;1576627;1425767;1283118;1377737
12491;Corey Kiner;RB;2;NE;0.593;44006;44006;0.0;0.75;rookie;44006;165945;1496564;1498366;1497622;1576627;1425767;1283118;1377737
12503;Isaiah Bond;WR;2;CLE;2.24;627200;627200;0.0;0.75;rookie;627200;1217276;1496564;1498366;1497622;1576627;1425767;1283118;1377737
12515;Donovan Edwards;RB;2;MIA;0.0;0;0;0.0;0.75;rookie;0;0;1496564;1498366;1497622;1576627;1425767;1283118;1377737
12520;Xavier Restrepo;WR;2;TEN;1.33;221112;221112;0.0;0.75;rookie;221112;556922;1496564;1498366;1497622;1576627;1425767;1283118;1377737
12528;Ajou Ajou;WR;2;IND;0.0;0;0;0.0;0.75;rookie;0;0;1496564;1498366;1497622;1576627;1425767;1283118;1377737
12532;Ja'Corey Brooks;WR;2;WSH;0.0;0;0;0.0;0.75;rookie;0;0;1496564;1498366;1497622;1576627;1425767;1283118;1377737
12538;Brady Cook;QB;2;MIA;2.747;943022;943022;0.0;0.75;rookie;943022;1652821;1496564;1498366;1497622;1576627;1425767;1283118;1377737
12542;Efton Chism;WR;2;NE;0.82;84050;84050;0.0;0.75;rookie;84050;269611;1496564;1498366;1497622;1576627;1425767;1283118;1377737
12546;Marcus Yarns;RB;2;NO;0.0;0;0;0.0;0.75;rookie;0;0;1496564;1498366;1497622;1576627;1425767;1283118;1377737
12549;Jordan Petaia;TE;2;LAC;0.0;0;0;0.0;0.75;rookie;0;0;1496564;1498366;1497622;1576627;1425767;1283118;1377737
12711;Tyler Loop;K;2;BAL;5.5;3781250;3781250;0.0;0.75;rookie;3781250;4683397;1496564;1498366;1497622;1576627;1425767;1283118;1377737
12713;Andy Borregales;K;2;NE;5.54;3836450;3836450;0.0;0.75;rookie;3836450;4734581;1496564;1498366;1497622;1576627;1425767;1283118;1377737
12746;JP Richardson;WR;2;CHI;0.0;0;0;0.0;0.75;rookie;0;0;1496564;1498366;1497622;1576627;1425767;1283118;1377737
12750;Jonathan Kim;K;2;CHI;0.0;0;0;0.0;0.75;rookie;0;0;1496564;1498366;1497622;1576627;1425767;1283118;1377737
12753;Jamoi Mayes;WR;2;CIN;0.0;0;0;0.0;0.75;rookie;0;0;1496564;1498366;1497622;1576627;1425767;1283118;1377737
12755;Kelly Akharaiyi;WR;2;ARI;0.0;0;0;0.0;0.75;rookie;0;0;1496564;1498366;1497622;1576627;1425767;1283118;1377737
12756;Stephen Gosnell;WR;2;BUF;0.0;0;0;0.0;0.75;rookie;0;0;1496564;1498366;1497622;1576627;1425767;1283118;1377737
12757;Hal Presley;WR;2;TEN;0.0;0;0;0.0;0.75;rookie;0;0;1496564;1498366;1497622;1576627;1425767;1283118;1377737
12760;Rashod Owens;WR;2;CIN;0.0;0;0;0.0;0.75;rookie;0;0;1496564;1498366;1497622;1576627;1425767;1283118;1377737
12761;Jordan Moore;WR;2;CIN;0.0;0;0;0.0;0.75;rookie;0;0;1496564;1498366;1497622;1576627;1425767;1283118;1377737
12762;Payton Thorne;QB;2;CIN;0.0;0;0;0.0;0.75;rookie;0;0;1496564;1498366;1497622;1576627;1425767;1283118;1377737
12765;Keleki Latu;TE;2;BUF;0.147;2689;2689;0.0;0.75;rookie;2689;20395;1496564;1498366;1497622;1576627;1425767;1283118;1377737
12772;Courtney Jackson;WR;2;TEN;0.0;0;0;0.0;0.75;rookie;0;0;1496564;1498366;1497622;1576627;1425767;1283118;1377737
12773;DJ Uiagalelei;QB;2;LAC;0.0;0;0;0.0;0.75;rookie;0;0;1496564;1498366;1497622;1576627;1425767;1283118;1377737
12775;Max Brosmer;QB;2;MIN;0.607;46006;46006;0.0;0.75;rookie;46006;171570;1496564;1498366;1497622;1576627;1425767;1283118;1377737
12776;Connor Bazelak;QB;2;TB;0.0;0;0;0.0;0.75;rookie;0;0;1496564;1498366;1497622;1576627;1425767;1283118;1377737
12777;Joaquin Davis;WR;2;PIT;0.0;0;0;0.0;0.75;rookie;0;0;1496564;1498366;1497622;1576627;1425767;1283118;1377737
12778;Jerjuan Newton;WR;2;DEN;0.0;0;0;0.0;0.75;rookie;0;0;1496564;1498366;1497622;1576627;1425767;1283118;1377737
12787;Josh Williams;RB;2;TB;0.207;5339;5339;0.0;0.75;rookie;5339;34113;1496564;1498366;1497622;1576627;1425767;1283118;1377737
12788;Will Sheppard;WR;2;MIA;0.0;0;0;0.0;0.75;rookie;0;0;1496564;1498366;1497622;1576627;1425767;1283118;1377737
12792;Garrett Greene;QB;2;TB;0.0;0;0;0.0;0.75;rookie;0;0;1496564;1498366;1497622;1576627;1425767;1283118;1377737
12797;Ahmani Marshall;RB;2;CAR;0.0;0;0;0.0;0.75;rookie;0;0;1496564;1498366;1497622;1576627;1425767;1283118;1377737
12799;Bryson Green;WR;2;ARI;0.0;0;0;0.0;0.75;rookie;0;0;1496564;1498366;1497622;1576627;1425767;1283118;1377737
12800;Oscar Cardenas;TE;2;ARI;0.0;0;0;0.0;0.75;rookie;0;0;1496564;1498366;1497622;1576627;1425767;1283118;1377737
12803;Luke Grimm;WR;2;LAC;0.0;0;0;0.0;0.75;rookie;0;0;1496564;1498366;1497622;1576627;1425767;1283118;1377737
12809;Mac Dalena;WR;2;BUF;0.0;0;0;0.0;0.75;rookie;0;0;1496564;1498366;1497622;1576627;1425767;1283118;1377737
12810;Elijhah Badger;WR;2;KC;0.0;0;0;0.0;0.75;rookie;0;0;1496564;1498366;1497622;1576627;1425767;1283118;1377737
12817;Jake Briningstool;TE;2;KC;0.0;0;0;0.0;0.75;rookie;0;0;1496564;1498366;1497622;1576627;1425767;1283118;1377737
12818;Elijah Young;RB;2;BUF;0.0;0;0;0.0;0.75;rookie;0;0;1496564;1498366;1497622;1576627;1425767;1283118;1377737
12820;Landon Parker;WR;2;IND;0.0;0;0;0.0;0.75;rookie;0;0;1496564;1498366;1497622;1576627;1425767;1283118;1377737
12824;Maddux Trujillo;K;2;BUF;0.0;0;0;0.0;0.75;rookie;0;0;1496564;1498366;1497622;1576627;1425767;1283118;1377737
12826;Ulysses Bentley;RB;2;NO;0.0;0;0;0.0;0.75;rookie;0;0;1496564;1498366;1497622;1576627;1425767;1283118;1377737
12829;Coleman Owen;WR;2;GB;0.0;0;0;0.0;0.75;rookie;0;0;1496564;1498366;1497622;1576627;1425767;1283118;1377737
12831;Tyler Kahmann;WR;2;IND;0.0;0;0;0.0;0.75;rookie;0;0;1496564;1498366;1497622;1576627;1425767;1283118;1377737
12832;Blayne Taylor;WR;2;IND;0.0;0;0;0.0;0.75;rookie;0;0;1496564;1498366;1497622;1576627;1425767;1283118;1377737
12848;Josh Kelly;WR;2;HOU;0.0;0;0;0.0;0.75;rookie;0;0;1496564;1498366;1497622;1576627;1425767;1283118;1377737
12849;Traeshon Holden;WR;2;DAL;0.0;0;0;0.0;0.75;rookie;0;0;1496564;1498366;1497622;1576627;1425767;1283118;1377737
12851;Rivaldo Fairweather;TE;2;ARI;0.0;0;0;0.0;0.75;rookie;0;0;1496564;1498366;1497622;1576627;1425767;1283118;1377737
12852;Monaray Baldwin;WR;2;MIA;0.0;0;0;0.0;0.75;rookie;0;0;1496564;1498366;1497622;1576627;1425767;1283118;1377737
12859;Nate Noel;RB;2;IND;0.0;0;0;0.0;0.75;rookie;0;0;1496564;1498366;1497622;1576627;1425767;1283118;1377737
12860;Theo Wease;WR;2;LAC;3.47;1505113;1505113;0.0;0.75;rookie;1505113;2346989;1496564;1498366;1497622;1576627;1425767;1283118;1377737
12863;Andrew Armstrong;WR;2;KC;0.0;0;0;0.0;0.75;rookie;0;0;1496564;1498366;1497622;1576627;1425767;1283118;1377737
12865;AJ Henning;WR;2;MIA;0.0;0;0;0.0;0.75;rookie;0;0;1496564;1498366;1497622;1576627;1425767;1283118;1377737
12866;Jalin Conyers;TE;2;MIA;0.0;0;0;0.0;0.75;rookie;0;0;1496564;1498366;1497622;1576627;1425767;1283118;1377737
12868;Montrell Johnson;RB;2;CAR;0.0;0;0;0.0;0.75;rookie;0;0;1496564;1498366;1497622;1576627;1425767;1283118;1377737
12880;Silas Bolden;WR;2;HOU;0.0;0;0;0.0;0.75;rookie;0;0;1496564;1498366;1497622;1576627;1425767;1283118;1377737
12883;Joshua Simon;TE;2;WSH;0.0;0;0;0.0;0.75;rookie;0;0;1496564;1498366;1497622;1576627;1425767;1283118;1377737
12884;Quincy Skinner;WR;2;GB;0.0;0;0;0.0;0.75;rookie;0;0;1496564;1498366;1497622;1576627;1425767;1283118;1377737
12888;Dalen Cambre;WR;2;NYG;0.0;0;0;0.0;0.75;rookie;0;0;1496564;1498366;1497622;1576627;1425767;1283118;1377737
12889;Beaux Collins;WR;2;ATL;0.28;9800;9800;0.0;0.75;rookie;9800;53796;1496564;1498366;1497622;1576627;1425767;1283118;1377737
12892;Da'Quan Felton;WR;2;NYJ;0.0;0;0;0.0;0.75;rookie;0;0;1496564;1498366;1497622;1576627;1425767;1283118;1377737
12897;Nate Carter;RB;2;KC;0.0;0;0;0.0;0.75;rookie;0;0;1496564;1498366;1497622;1576627;1425767;1283118;1377737
12898;Seth Henigan;QB;2;IND;0.0;0;0;0.0;0.75;rookie;0;0;1496564;1498366;1497622;1576627;1425767;1283118;1377737
12901;Patrick Herbert;TE;2;LAC;0.0;0;0;0.0;0.75;rookie;0;0;1496564;1498366;1497622;1576627;1425767;1283118;1377737
12906;Cam Camper;WR;2;NYJ;0.0;0;0;0.0;0.75;rookie;0;0;1496564;1498366;1497622;1576627;1425767;1283118;1377737
12907;Quentin Skinner;WR;2;BUF;0.0;0;0;0.0;0.75;rookie;0;0;1496564;1498366;1497622;1576627;1425767;1283118;1377737
12908;Chandler Brayboy;WR;2;NE;0.0;0;0;0.0;0.75;rookie;0;0;1496564;1498366;1497622;1576627;1425767;1283118;1377737
12909;Eli Pancol;WR;2;IND;0.0;0;0;0.0;0.75;rookie;0;0;1496564;1498366;1497622;1576627;1425767;1283118;1377737
12925;Jamaal Pritchett;WR;2;NYJ;0.0;0;0;0.0;0.75;rookie;0;0;1496564;1498366;1497622;1576627;1425767;1283118;1377737
12928;Amar Johnson;RB;2;LAC;0.283;10035;10035;0.0;0.75;rookie;10035;54760;1496564;1498366;1497622;1576627;1425767;1283118;1377737
12933;Caden Prieskorn;TE;2;CAR;0.0;0;0;0.0;0.75;rookie;0;0;1496564;1498366;1497622;1576627;1425767;1283118;1377737
12935;Jakobie Keeney-James;WR;2;PIT;0.0;0;0;0.0;0.75;rookie;0;0;1496564;1498366;1497622;1576627;1425767;1283118;1377737
12938;Jackson Meeks;TE;2;DET;0.0;0;0;0.0;0.75;rookie;0;0;1496564;1498366;1497622;1576627;1425767;1283118;1377737
12939;Anthony Tyus;RB;2;CAR;0.0;0;0;0.0;0.75;rookie;0;0;1496564;1498366;1497622;1576627;1425767;1283118;1377737
12940;Tre Stewart;RB;2;ARI;0.0;0;0;0.0;0.75;rookie;0;0;1496564;1498366;1497622;1576627;1425767;1283118;1377737
12941;Bryson Nesbit;TE;2;MIN;0.0;0;0;0.0;0.75;rookie;0;0;1496564;1498366;1497622;1576627;1425767;1283118;1377737
12946;Dontae Fleming;WR;2;MIN;0.0;0;0;0.0;0.75;rookie;0;0;1496564;1498366;1497622;1576627;1425767;1283118;1377737
12950;Robert Lewis;WR;2;MIN;0.0;0;0;0.0;0.75;rookie;0;0;1496564;1498366;1497622;1576627;1425767;1283118;1377737
12953;Jalen White;RB;2;GB;0.0;0;0;0.0;0.75;rookie;0;0;1496564;1498366;1497622;1576627;1425767;1283118;1377737
12954;Kye Robichaux;RB;2;DET;0.0;0;0;0.0;0.75;rookie;0;0;1496564;1498366;1497622;1576627;1425767;1283118;1377737
12959;Bryce Pierre;TE;2;CAR;0.0;0;0;0.0;0.75;rookie;0;0;1496564;1498366;1497622;1576627;1425767;1283118;1377737
12961;Ryan Fitzgerald;K;2;CAR;4.253;2261356;2261356;0.0;0.75;rookie;2261356;3185012;1496564;1498366;1497622;1576627;1425767;1283118;1377737
12965;Ethan Garbers;QB;2;CAR;0.0;0;0;0.0;0.75;rookie;0;0;1496564;1498366;1497622;1576627;1425767;1283118;1377737
12967;Jacolby George;WR;2;CAR;0.0;0;0;0.0;0.75;rookie;0;0;1496564;1498366;1497622;1576627;1425767;1283118;1377737
12969;Lan Larison;RB;2;NE;0.0;0;0;0.0;0.75;rookie;0;0;1496564;1498366;1497622;1576627;1425767;1283118;1377737
12971;Ke'Shawn Williams;WR;2;CIN;0.123;1901;1901;0.0;0.75;rookie;1901;15727;1496564;1498366;1497622;1576627;1425767;1283118;1377737
12972;Roc Taylor;WR;2;CAR;0.0;0;0;0.0;0.75;rookie;0;0;1496564;1498366;1497622;1576627;1425767;1283118;1377737
12973;DJ Thomas-Jones;TE;2;PIT;0.0;0;0;0.0;0.75;rookie;0;0;1496564;1498366;1497622;1576627;1425767;1283118;1377737
12975;JJ Galbreath;TE;2;IND;0.0;0;0;0.0;0.75;rookie;0;0;1496564;1498366;1497622;1576627;1425767;1283118;1377737
12981;Gee Scott;TE;2;NYJ;0.0;0;0;0.0;0.75;rookie;0;0;1496564;1498366;1497622;1576627;1425767;1283118;1377737
12983;Brock Lampe;RB;2;BUF;0.0;0;0;0.0;0.75;rookie;0;0;1496564;1498366;1497622;1576627;1425767;1283118;1377737
12984;CJ Dippre;TE;2;TB;0.0;0;0;0.0;0.75;rookie;0;0;1496564;1498366;1497622;1576627;1425767;1283118;1377737
13001;Mario Williams;WR;2;LAR;0.0;0;0;0.0;0.75;rookie;0;0;1496564;1498366;1497622;1576627;1425767;1283118;1377737
13003;Tru Edwards;WR;2;LAR;0.0;0;0;0.0;0.75;rookie;0;0;1496564;1498366;1497622;1576627;1425767;1283118;1377737
13005;Anthony Torres;TE;2;LAR;0.0;0;0;0.0;0.75;rookie;0;0;1496564;1498366;1497622;1576627;1425767;1283118;1377737
13010;Jordan Waters;RB;2;LAR;0.0;0;0;0.0;0.75;rookie;0;0;1496564;1498366;1497622;1576627;1425767;1283118;1377737
13011;Brennan Presley;WR;2;LAR;0.0;0;0;0.0;0.75;rookie;0;0;1496564;1498366;1497622;1576627;1425767;1283118;1377737
13013;Mark Redman;TE;2;GB;0.0;0;0;0.0;0.75;rookie;0;0;1496564;1498366;1497622;1576627;1425767;1283118;1377737
13032;Marshall Lang;TE;2;MIN;0.0;0;0;0.0;0.75;rookie;0;0;1496564;1498366;1497622;1576627;1425767;1283118;1377737
13034;Tyrone Broden;WR;2;SEA;0.0;0;0;0.0;0.75;rookie;0;0;1496564;1498366;1497622;1576627;1425767;1283118;1377737
13041;Jahmal Banks;WR;2;BAL;0.0;0;0;0.0;0.75;rookie;0;0;1496564;1498366;1497622;1576627;1425767;1283118;1377737
13042;Xavier Guillory;WR;2;BAL;0.0;0;0;0.0;0.75;rookie;0;0;1496564;1498366;1497622;1576627;1425767;1283118;1377737
13043;Chris Tyree;WR;2;NO;0.0;0;0;0.0;0.75;rookie;0;0;1496564;1498366;1497622;1576627;1425767;1283118;1377737
13047;Jacardia Wright;RB;2;SEA;0.707;62422;62422;0.0;0.75;rookie;62422;215694;1496564;1498366;1497622;1576627;1425767;1283118;1377737
13053;Daniel Jackson;WR;2;HOU;0.0;0;0;0.0;0.75;rookie;0;0;1496564;1498366;1497622;1576627;1425767;1283118;1377737
13063;Darius Lassiter;WR;2;JAX;0.0;0;0;0.0;0.75;rookie;0;0;1496564;1498366;1497622;1576627;1425767;1283118;1377737
13064;Dorian Singer;WR;2;JAX;0.0;0;0;0.0;0.75;rookie;0;0;1496564;1498366;1497622;1576627;1425767;1283118;1377737
13065;Ben Wooldridge;QB;2;NE;0.0;0;0;0.0;0.75;rookie;0;0;1496564;1498366;1497622;1576627;1425767;1283118;1377737
13066;Ben Sauls;K;2;NYG;3.187;1269356;1269356;0.0;0.75;rookie;1269356;2065484;1496564;1498366;1497622;1576627;1425767;1283118;1377737
13074;Isaiah Neyor;WR;2;GB;0.0;0;0;0.0;0.75;rookie;0;0;1496564;1498366;1497622;1576627;1425767;1283118;1377737
13075;Myles Price;WR;2;MIN;0.0;0;0;0.0;0.75;rookie;0;0;1496564;1498366;1497622;1576627;1425767;1283118;1377737
13079;Jahdae Walker;WR;2;CHI;1.153;166272;166272;0.0;0.75;rookie;166272;449727;1496564;1498366;1497622;1576627;1425767;1283118;1377737
13080;Deion Hankins;RB;2;CHI;0.0;0;0;0.0;0.75;rookie;0;0;1496564;1498366;1497622;1576627;1425767;1283118;1377737
13088;Quali Conley;RB;2;CIN;0.0;0;0;0.0;0.75;rookie;0;0;1496564;1498366;1497622;1576627;1425767;1283118;1377737
13101;Gage Larvadain;WR;2;BAL;0.603;45501;45501;0.0;0.75;rookie;45501;170158;1496564;1498366;1497622;1576627;1425767;1283118;1377737
13110;Zach Horton;TE;2;DET;0.0;0;0;0.0;0.75;rookie;0;0;1496564;1498366;1497622;1576627;1425767;1283118;1377737
13120;Jacoby Jones;WR;2;WSH;1.24;192200;192200;0.0;0.75;rookie;192200;501360;1496564;1498366;1497622;1576627;1425767;1283118;1377737
13121;Ben Yurosek;TE;2;MIN;0.077;735;735;0.0;0.75;rookie;735;7708;1496564;1498366;1497622;1576627;1425767;1283118;1377737
13122;Carter Runyon;TE;2;LV;0.073;672;672;0.0;0.75;rookie;672;7211;1496564;1498366;1497622;1576627;1425767;1283118;1377737
13124;Jeremiah Webb;WR;2;NE;0.0;0;0;0.0;0.75;rookie;0;0;1496564;1498366;1497622;1576627;1425767;1283118;1377737
13125;Micah Bernard;RB;2;NE;0.0;0;0;0.0;0.75;rookie;0;0;1496564;1498366;1497622;1576627;1425767;1283118;1377737
13128;Rushawn Baker;RB;2;NE;0.0;0;0;0.0;0.75;rookie;0;0;1496564;1498366;1497622;1576627;1425767;1283118;1377737
13145;ShunDerrick Powell;RB;2;KC;0.0;0;0;0.0;0.75;rookie;0;0;1496564;1498366;1497622;1576627;1425767;1283118;1377737
13149;Caden Davis;K;2;BUF;0.0;0;0;0.0;0.75;rookie;0;0;1496564;1498366;1497622;1576627;1425767;1283118;1377737
13150;Darius Cooper;WR;2;PHI;0.577;41568;41568;0.0;0.75;rookie;41568;159003;1496564;1498366;1497622;1576627;1425767;1283118;1377737
13151;Nick Kallerup;TE;2;SEA;0.0;0;0;0.0;0.75;rookie;0;0;1496564;1498366;1497622;1576627;1425767;1283118;1377737
13153;Giles Jackson;WR;2;PHI;0.0;0;0;0.0;0.75;rookie;0;0;1496564;1498366;1497622;1576627;1425767;1283118;1377737
13154;Marcus Major;RB;2;BAL;0.0;0;0;0.0;0.75;rookie;0;0;1496564;1498366;1497622;1576627;1425767;1283118;1377737
13162;Maximilian Mang;TE;2;NYG;0.0;0;0;0.0;0.75;rookie;0;0;1496564;1498366;1497622;1576627;1425767;1283118;1377737
13173;Jimmy Holiday;WR;2;KC;0.0;0;0;0.0;0.75;rookie;0;0;1496564;1498366;1497622;1576627;1425767;1283118;1377737
13179;Ja'seem Reed;WR;2;CAR;0.0;0;0;0.0;0.75;rookie;0;0;1496564;1498366;1497622;1576627;1425767;1283118;1377737
13189;Luke Floriea;WR;2;CLE;0.0;0;0;0.0;0.75;rookie;0;0;1496564;1498366;1497622;1576627;1425767;1283118;1377737
13190;Taylor Elgersma;QB;2;GB;0.0;0;0;0.0;0.75;rookie;0;0;1496564;1498366;1497622;1576627;1425767;1283118;1377737
13199;Montorie Foster;WR;2;SEA;0.0;0;0;0.0;0.75;rookie;0;0;1496564;1498366;1497622;1576627;1425767;1283118;1377737
13202;Dalevon Campbell;WR;2;LAC;0.0;0;0;0.0;0.75;rookie;0;0;1496564;1498366;1497622;1576627;1425767;1283118;1377737
13208;Kyrese Rowan;WR;2;NO;0.0;0;0;0.0;0.75;rookie;0;0;1496564;1498366;1497622;1576627;1425767;1283118;1377737
13210;Drake Dabney;TE;2;GB;0.0;0;0;0.0;0.75;rookie;0;0;1496564;1498366;1497622;1576627;1425767;1283118;1377737
13212;Cade McDonald;WR;2;CLE;0.0;0;0;0.0;0.75;rookie;0;0;1496564;1498366;1497622;1576627;1425767;1283118;1377737
13213;Lucas Scott;RB;2;BAL;0.0;0;0;0.0;0.75;rookie;0;0;1496564;1498366;1497622;1576627;1425767;1283118;1377737
13217;Hunter Dekkers;QB;2;NO;0.0;0;0;0.0;0.75;rookie;0;0;1496564;1498366;1497622;1576627;1425767;1283118;1377737
13225;Sam Brown;WR;2;GB;0.0;0;0;0.0;0.75;rookie;0;0;1496564;1498366;1497622;1576627;1425767;1283118;1377737
13228;Ife Adeyi;WR;2;PHI;0.0;0;0;0.0;0.75;rookie;0;0;1496564;1498366;1497622;1576627;1425767;1283118;1377737
13237;Mark McNamee;K;2;GB;0.0;0;0;0.0;0.75;rookie;0;0;1496564;1498366;1497622;1576627;1425767;1283118;1377737
13242;Lawrance Toafili;RB;2;NYJ;0.0;0;0;0.0;0.75;rookie;0;0;1496564;1498366;1497622;1576627;1425767;1283118;1377737
13246;Jaden Smith;WR;2;DAL;0.0;0;0;0.0;0.75;rookie;0;0;1496564;1498366;1497622;1576627;1425767;1283118;1377737
13249;Thomas Gordon;TE;2;DET;0.0;0;0;0.0;0.75;rookie;0;0;1496564;1498366;1497622;1576627;1425767;1283118;1377737
13261;Layne Pryor;TE;2;HOU;0.0;0;0;0.0;0.75;rookie;0;0;1496564;1498366;1497622;1576627;1425767;1283118;1377737
13412;Kendrick Law;WR;1;DET;0.0;0;0;0.0;0.75;rookie;0;0;1462065;1463825;1463099;1540283;1392900;1253539;1345977
13433;Riley Nowakowski;TE;1;PIT;0.0;0;0;0.0;0.75;rookie;0;0;1441813;1443549;1442832;1518947;1373606;1236176;1327333
13435;Joe Royer;TE;1;CLE;0.0;0;0;0.0;0.75;rookie;0;0;1423233;1424947;1424240;1499374;1355905;1220246;1310229
13273;Josh Cuevas;TE;1;BAL;0.0;0;0;0.0;0.75;rookie;0;0;1406241;1407934;1407235;1481472;1339717;1205677;1294586
13302;Adam Randall;RB;1;BAL;0.0;0;0;0.0;0.75;rookie;0;0;1390751;1392426;1391734;1465154;1324960;1192397;1280326
13413;Cyrus Allen;WR;1;KC;0.0;0;0;0.0;0.75;rookie;0;0;1376681;1378339;1377655;1450331;1311555;1180333;1267373
13338;Kevin Coleman;WR;1;MIA;0.0;0;0;0.0;0.75;rookie;0;0;1363950;1365592;1364914;1436919;1299426;1169418;1255653
13335;Cole Payton;QB;1;PHI;0.0;0;0;0.0;0.75;rookie;0;0;1352478;1354107;1353435;1424833;1288497;1159582;1245092
13429;Seydou Traore;TE;1;MIA;0.0;0;0;0.0;0.75;rookie;0;0;1342188;1343804;1343137;1413992;1278694;1150760;1235619
13306;Taylen Green;QB;1;CLE;0.0;0;0;0.0;0.75;rookie;0;0;1333003;1334608;1333946;1404316;1269943;1142885;1227163
13308;Bauer Sharp;TE;1;TB;0.0;0;0;0.0;0.75;rookie;0;0;1324849;1326444;1325786;1395726;1262175;1135894;1219656
13533;Barion Brown;WR;1;NO;0.0;0;0;0.0;0.75;rookie;0;0;1311343;1312923;1312271;1381498;1249309;1124315;1207223
13394;Josh Cameron;WR;1;JAX;0.0;0;0;0.0;0.75;rookie;0;0;1305852;1307425;1306776;1375713;1244077;1119607;1202168
13329;Malik Benson;WR;1;LV;0.0;0;0;0.0;0.75;rookie;0;0;1301112;1302679;1302032;1370719;1239561;1115543;1197804
13270;CJ Daniels;WR;1;LAR;0.0;0;0;0.0;0.75;rookie;0;0;1297058;1298620;1297975;1366448;1235699;1112066;1194072
13347;Demond Claiborne;RB;1;MIN;0.0;0;0;0.0;0.75;rookie;0;0;1293625;1295183;1294540;1362832;1232429;1109123;1190912
13313;Emmanuel Henderson;WR;1;SEA;0.0;0;0;0.0;0.75;rookie;0;0;1290754;1292309;1291667;1359807;1229693;1106662;1188269
13554;CJ Williams;WR;1;JAX;0.0;0;0;0.0;0.75;rookie;0;0;1288385;1289937;1289297;1357312;1227437;1104631;1186088
13541;Lewis Bond;WR;1;HOU;0.0;0;0;0.0;0.75;rookie;0;0;1286462;1288011;1287372;1355285;1225604;1102982;1184317
13582;Anthony Smith;WR;1;DAL;0.0;0;0;0.0;0.75;rookie;0;0;1284929;1286477;1285838;1353671;1224144;1101668;1182906
13282;Jack Endries;TE;1;CIN;0.0;0;0;0.0;0.75;rookie;0;0;1283736;1285282;1284643;1352413;1223007;1100644;1181808
13557;Athan Kaliakmanis;QB;1;WSH;0.0;0;0;0.0;0.75;rookie;0;0;1282831;1284376;1283738;1351460;1222145;1099869;1180975
13422;Jaren Kanak;TE;1;TEN;0.0;0;0;0.0;0.75;rookie;0;0;1282169;1283714;1283076;1350763;1221515;1099302;1180366
13295;Behren Morton;QB;1;NE;0.0;0;0;0.0;0.75;rookie;0;0;1281706;1283250;1282613;1350275;1221074;1098904;1179939
13424;Seth McGowan;RB;1;IND;0.0;0;0;0.0;0.75;rookie;0;0;1281401;1282944;1282307;1349954;1220783;1098643;1179658
13580;Carsen Ryan;TE;1;CLE;0.0;0;0;0.0;0.75;rookie;0;0;1281116;1282659;1282022;1349653;1220511;1098398;1179396
13404;Garrett Nussmeier;QB;1;KC;0.0;0;0;0.0;0.75;rookie;0;0;1281073;1282615;1281979;1349608;1220470;1098361;1179356
13333;Deion Burks;WR;1;IND;0.0;0;0;0.0;0.75;rookie;0;0;1281060;1282603;1281966;1349594;1220458;1098350;1179344
13577;Dallen Bentley;TE;1;DEN;0.0;0;0;0.0;0.75;rookie;0;0;1281059;1282601;1281965;1349593;1220457;1098349;1179343
12966;Moose Muhammad;WR;1;CAR;0.0;0;0;0.0;0.75;rookie;0;0;1197251;1198693;1198098;1261302;1140614;1026495;1102190
13108;Julian Fleming;WR;1;GB;0.0;0;0;0.0;0.75;rookie;0;0;1197251;1198693;1198098;1261302;1140614;1026495;1102190
13119;Collin Schlee;QB;1;WSH;0.0;0;0;0.0;0.75;rookie;0;0;1197251;1198693;1198098;1261302;1140614;1026495;1102190
13161;Zakhari Franklin;WR;1;LV;0.0;0;0;0.0;0.75;rookie;0;0;1197251;1198693;1198098;1261302;1140614;1026495;1102190
13221;Brett Gabbert;QB;1;MIA;0.0;0;0;0.0;0.75;rookie;0;0;1197251;1198693;1198098;1261302;1140614;1026495;1102190
13222;Montana Lemonious-Craig;WR;1;PIT;0.0;0;0;0.0;0.75;rookie;0;0;1197251;1198693;1198098;1261302;1140614;1026495;1102190
13264;Dohnte Meyers;WR;1;CIN;0.0;0;0;0.0;0.75;rookie;0;0;1197251;1198693;1198098;1261302;1140614;1026495;1102190
13277;CJ Donaldson;RB;1;NO;0.0;0;0;0.0;0.75;rookie;0;0;1197251;1198693;1198098;1261302;1140614;1026495;1102190
13292;Lake McRee;TE;1;PIT;0.0;0;0;0.0;0.75;rookie;0;0;1197251;1198693;1198098;1261302;1140614;1026495;1102190
13309;Aaron Anderson;WR;1;CLE;0.0;0;0;0.0;0.75;rookie;0;0;1197251;1198693;1198098;1261302;1140614;1026495;1102190
13310;Miller Moss;QB;1;CHI;0.0;0;0;0.0;0.75;rookie;0;0;1197251;1198693;1198098;1261302;1140614;1026495;1102190
13314;Luke Altmyer;QB;1;DET;0.0;0;0;0.0;0.75;rookie;0;0;1197251;1198693;1198098;1261302;1140614;1026495;1102190
13315;Dean Connors;RB;1;LAR;0.0;0;0;0.0;0.75;rookie;0;0;1197251;1198693;1198098;1261302;1140614;1026495;1102190
13316;Eric Rivers;WR;1;TB;0.0;0;0;0.0;0.75;rookie;0;0;1197251;1198693;1198098;1261302;1140614;1026495;1102190
13318;Noah Thomas;WR;1;CIN;0.0;0;0;0.0;0.75;rookie;0;0;1197251;1198693;1198098;1261302;1140614;1026495;1102190
13321;Dan Villari;TE;1;LAR;0.0;0;0;0.0;0.75;rookie;0;0;1197251;1198693;1198098;1261302;1140614;1026495;1102190
13325;Jordan Hudson;WR;1;DAL;0.0;0;0;0.0;0.75;rookie;0;0;1197251;1198693;1198098;1261302;1140614;1026495;1102190
13326;DT Sheffield;WR;1;NYJ;0.0;0;0;0.0;0.75;rookie;0;0;1197251;1198693;1198098;1261302;1140614;1026495;1102190
13327;Desmond Reid;RB;1;BUF;0.0;0;0;0.0;0.75;rookie;0;0;1197251;1198693;1198098;1261302;1140614;1026495;1102190
13328;Anthony Hankerson;RB;1;SEA;0.0;0;0;0.0;0.75;rookie;0;0;1197251;1198693;1198098;1261302;1140614;1026495;1102190
13331;Dae'Quan Wright;TE;1;CLE;0.0;0;0;0.0;0.75;rookie;0;0;1197251;1198693;1198098;1261302;1140614;1026495;1102190
13336;Dane Key;WR;1;DEN;0.0;0;0;0.0;0.75;rookie;0;0;1197251;1198693;1198098;1261302;1140614;1026495;1102190
13339;Davon Booth;RB;1;IND;0.0;0;0;0.0;0.75;rookie;0;0;1197251;1198693;1198098;1261302;1140614;1026495;1102190
13342;John Michael Gyllenborg;TE;1;KC;0.0;0;0;0.0;0.75;rookie;0;0;1197251;1198693;1198098;1261302;1140614;1026495;1102190
13343;Vinny Anthony;WR;1;ATL;0.0;0;0;0.0;0.75;rookie;0;0;1197251;1198693;1198098;1261302;1140614;1026495;1102190
13348;J'Mari Taylor;RB;1;JAX;0.0;0;0;0.0;0.75;rookie;0;0;1197251;1198693;1198098;1261302;1140614;1026495;1102190
13350;Joe Fagnano;QB;1;BAL;0.0;0;0;0.0;0.75;rookie;0;0;1197251;1198693;1198098;1261302;1140614;1026495;1102190
13352;Lincoln Pare;RB;1;IND;0.0;0;0;0.0;0.75;rookie;0;0;1197251;1198693;1198098;1261302;1140614;1026495;1102190
13355;DJ Rogers;TE;1;DAL;0.0;0;0;0.0;0.75;rookie;0;0;1197251;1198693;1198098;1261302;1140614;1026495;1102190
13356;Trebor Pena;WR;1;JAX;0.0;0;0;0.0;0.75;rookie;0;0;1197251;1198693;1198098;1261302;1140614;1026495;1102190
13392;Jeff Caldwell;WR;1;KC;0.0;0;0;0.0;0.75;rookie;0;0;1197251;1198693;1198098;1261302;1140614;1026495;1102190
13401;Michael Trigg;TE;1;DAL;0.0;0;0;0.0;0.75;rookie;0;0;1197251;1198693;1198098;1261302;1140614;1026495;1102190
13407;Carson Towt;TE;1;IND;0.0;0;0;0.0;0.75;rookie;0;0;1197251;1198693;1198098;1261302;1140614;1026495;1102190
13409;Donaven McCulley;WR;1;MIA;0.0;0;0;0.0;0.75;rookie;0;0;1197251;1198693;1198098;1261302;1140614;1026495;1102190
13410;Chase Roberts;WR;1;LV;0.0;0;0;0.0;0.75;rookie;0;0;1197251;1198693;1198098;1261302;1140614;1026495;1102190
13415;Haynes King;QB;1;CAR;0.0;0;0;0.0;0.75;rookie;0;0;1197251;1198693;1198098;1261302;1140614;1026495;1102190
13416;Roman Hemby;RB;1;LV;0.0;0;0;0.0;0.75;rookie;0;0;1197251;1198693;1198098;1261302;1140614;1026495;1102190
13418;Robert Henry;RB;1;WSH;0.0;0;0;0.0;0.75;rookie;0;0;1197251;1198693;1198098;1261302;1140614;1026495;1102190
13419;Jaydn Ott;RB;1;KC;0.0;0;0;0.0;0.75;rookie;0;0;1197251;1198693;1198098;1261302;1140614;1026495;1102190
13423;Eli Heidenreich;RB;1;PIT;0.0;0;0;0.0;0.75;rookie;0;0;1197251;1198693;1198098;1261302;1140614;1026495;1102190
13425;Jalon Daniels;QB;1;TB;0.0;0;0;0.0;0.75;rookie;0;0;1197251;1198693;1198098;1261302;1140614;1026495;1102190
13427;Diego Pavia;QB;1;BAL;0.0;0;0;0.0;0.75;rookie;0;0;1197251;1198693;1198098;1261302;1140614;1026495;1102190
13428;Joey Aguilar;QB;1;JAX;0.0;0;0;0.0;0.75;rookie;0;0;1197251;1198693;1198098;1261302;1140614;1026495;1102190
13430;RJ Maryland;TE;1;GB;0.0;0;0;0.0;0.75;rookie;0;0;1197251;1198693;1198098;1261302;1140614;1026495;1102190
13431;Miles Kitselman;TE;1;DET;0.0;0;0;0.0;0.75;rookie;0;0;1197251;1198693;1198098;1261302;1140614;1026495;1102190
13432;Khalil Dinkins;TE;1;SF;0.0;0;0;0.0;0.75;rookie;0;0;1197251;1198693;1198098;1261302;1140614;1026495;1102190
13436;Kentrel Bullock;RB;1;CIN;0.0;0;0;0.0;0.75;rookie;0;0;1197251;1198693;1198098;1261302;1140614;1026495;1102190
13437;Noah Whittington;RB;1;HOU;0.0;0;0;0.0;0.75;rookie;0;0;1197251;1198693;1198098;1261302;1140614;1026495;1102190
13440;Damien Alford;WR;1;NO;0.0;0;0;0.0;0.75;rookie;0;0;1197251;1198693;1198098;1261302;1140614;1026495;1102190
13545;Trey Smack;K;1;GB;0.0;0;0;0.0;0.75;rookie;0;0;1197251;1198693;1198098;1261302;1140614;1026495;1102190
13592;Chandler Morris;QB;1;TB;0.0;0;0;0.0;0.75;rookie;0;0;1197251;1198693;1198098;1261302;1140614;1026495;1102190
13595;Cash Jones;RB;1;ATL;0.0;0;0;0.0;0.75;rookie;0;0;1197251;1198693;1198098;1261302;1140614;1026495;1102190
13597;Matthew Caldwell;QB;1;LAR;0.0;0;0;0.0;0.75;rookie;0;0;1197251;1198693;1198098;1261302;1140614;1026495;1102190
13599;Kyron Drones;QB;1;GB;0.0;0;0;0.0;0.75;rookie;0;0;1197251;1198693;1198098;1261302;1140614;1026495;1102190
13600;Tyren Montgomery;WR;1;TEN;0.0;0;0;0.0;0.75;rookie;0;0;1197251;1198693;1198098;1261302;1140614;1026495;1102190
13602;Jack Strand;QB;1;ATL;0.0;0;0;0.0;0.75;rookie;0;0;1197251;1198693;1198098;1261302;1140614;1026495;1102190
13603;Gregory Desrosiers;RB;1;LAC;0.0;0;0;0.0;0.75;rookie;0;0;1197251;1198693;1198098;1261302;1140614;1026495;1102190
13608;Jerand Bradley;WR;1;LAC;0.0;0;0;0.0;0.75;rookie;0;0;1197251;1198693;1198098;1261302;1140614;1026495;1102190
13617;Luke Wysong;WR;1;MIN;0.0;0;0;0.0;0.75;rookie;0;0;1197251;1198693;1198098;1261302;1140614;1026495;1102190
13619;Marcus Sanders;WR;1;MIN;0.0;0;0;0.0;0.75;rookie;0;0;1197251;1198693;1198098;1261302;1140614;1026495;1102190
13621;Dillon Bell;WR;1;MIN;0.0;0;0;0.0;0.75;rookie;0;0;1197251;1198693;1198098;1261302;1140614;1026495;1102190
13630;Evan Svoboda;TE;1;LAC;0.0;0;0;0.0;0.75;rookie;0;0;1197251;1198693;1198098;1261302;1140614;1026495;1102190
13632;Devonte Ross;WR;1;LAC;0.0;0;0;0.0;0.75;rookie;0;0;1197251;1198693;1198098;1261302;1140614;1026495;1102190
13645;Michael Wortham;WR;1;JAX;0.0;0;0;0.0;0.75;rookie;0;0;1197251;1198693;1198098;1261302;1140614;1026495;1102190
13658;Brady Boyd;WR;1;JAX;0.0;0;0;0.0;0.75;rookie;0;0;1197251;1198693;1198098;1261302;1140614;1026495;1102190
13662;Will Pauling;WR;1;SF;0.0;0;0;0.0;0.75;rookie;0;0;1197251;1198693;1198098;1261302;1140614;1026495;1102190
13663;Wesley Grimes;WR;1;SF;0.0;0;0;0.0;0.75;rookie;0;0;1197251;1198693;1198098;1261302;1140614;1026495;1102190
13670;Harrison Wallace;WR;1;ARI;0.0;0;0;0.0;0.75;rookie;0;0;1197251;1198693;1198098;1261302;1140614;1026495;1102190
13674;Chris Hilton;WR;1;GB;0.0;0;0;0.0;0.75;rookie;0;0;1197251;1198693;1198098;1261302;1140614;1026495;1102190
13696;Ja'Mori Maclin;WR;1;BUF;0.0;0;0;0.0;0.75;rookie;0;0;1197251;1198693;1198098;1261302;1140614;1026495;1102190
13705;Ty Pezza;TE;1;BAL;0.0;0;0;0.0;0.75;rookie;0;0;1197251;1198693;1198098;1261302;1140614;1026495;1102190
13708;Kobe Prentice;WR;1;NYG;0.0;0;0;0.0;0.75;rookie;0;0;1197251;1198693;1198098;1261302;1140614;1026495;1102190
13712;Hayden Large;TE;1;CHI;0.0;0;0;0.0;0.75;rookie;0;0;1197251;1198693;1198098;1261302;1140614;1026495;1102190
13725;Dominic Richardson;RB;1;NYJ;0.0;0;0;0.0;0.75;rookie;0;0;1197251;1198693;1198098;1261302;1140614;1026495;1102190
13726;Camden Brown;WR;1;DAL;0.0;0;0;0.0;0.75;rookie;0;0;1197251;1198693;1198098;1261302;1140614;1026495;1102190
13743;Joseph Manjack;WR;1;DEN;0.0;0;0;0.0;0.75;rookie;0;0;1197251;1198693;1198098;1261302;1140614;1026495;1102190
13744;Cameron Ross;WR;1;DEN;0.0;0;0;0.0;0.75;rookie;0;0;1197251;1198693;1198098;1261302;1140614;1026495;1102190
13749;Kole Wilson;WR;1;CLE;0.0;0;0;0.0;0.75;rookie;0;0;1197251;1198693;1198098;1261302;1140614;1026495;1102190
13750;TJ Harden;RB;1;SEA;0.0;0;0;0.0;0.75;rookie;0;0;1197251;1198693;1198098;1261302;1140614;1026495;1102190
13760;Jaden Bradley;WR;1;WSH;0.0;0;0;0.0;0.75;rookie;0;0;1197251;1198693;1198098;1261302;1140614;1026495;1102190
13770;J. Michael Sturdivant;WR;1;GB;0.0;0;0;0.0;0.75;rookie;0;0;1197251;1198693;1198098;1261302;1140614;1026495;1102190
13776;Hank Beatty;WR;1;TEN;0.0;0;0;0.0;0.75;rookie;0;0;1197251;1198693;1198098;1261302;1140614;1026495;1102190
13778;EJ Smith;RB;1;KC;0.0;0;0;0.0;0.75;rookie;0;0;1197251;1198693;1198098;1261302;1140614;1026495;1102190
13780;Terion Stewart;RB;1;KC;0.0;0;0;0.0;0.75;rookie;0;0;1197251;1198693;1198098;1261302;1140614;1026495;1102190
13802;Jacob Clark;QB;1;LV;0.0;0;0;0.0;0.75;rookie;0;0;1197251;1198693;1198098;1261302;1140614;1026495;1102190
13804;Kansei Matsuzawa;K;1;LV;0.0;0;0;0.0;0.75;rookie;0;0;1197251;1198693;1198098;1261302;1140614;1026495;1102190
13805;E.J. Williams;WR;1;CAR;0.0;0;0;0.0;0.75;rookie;0;0;1197251;1198693;1198098;1261302;1140614;1026495;1102190
13816;Mark Gronowski;QB;1;HOU;0.0;0;0;0.0;0.75;rookie;0;0;1197251;1198693;1198098;1261302;1140614;1026495;1102190
13818;Romello Brinson;WR;1;DAL;0.0;0;0;0.0;0.75;rookie;0;0;1197251;1198693;1198098;1261302;1140614;1026495;1102190
13825;Malik McClain;WR;1;NYJ;0.0;0;0;0.0;0.75;rookie;0;0;1197251;1198693;1198098;1261302;1140614;1026495;1102190
13826;Caullin Lacy;WR;1;NYJ;0.0;0;0;0.0;0.75;rookie;0;0;1197251;1198693;1198098;1261302;1140614;1026495;1102190
13827;Tanner Arkin;TE;1;NE;0.0;0;0;0.0;0.75;rookie;0;0;1197251;1198693;1198098;1261302;1140614;1026495;1102190
13830;Kyle Dixon;WR;1;NE;0.0;0;0;0.0;0.75;rookie;0;0;1197251;1198693;1198098;1261302;1140614;1026495;1102190
13833;Dominic Zvada;K;1;NYG;0.0;0;0;0.0;0.75;rookie;0;0;1197251;1198693;1198098;1261302;1140614;1026495;1102190
13846;Jack Velling;TE;1;ATL;0.0;0;0;0.0;0.75;rookie;0;0;1197251;1198693;1198098;1261302;1140614;1026495;1102190
13849;Cortez Braham;WR;1;BAL;0.0;0;0;0.0;0.75;rookie;0;0;1197251;1198693;1198098;1261302;1140614;1026495;1102190
13850;Octavian Smith;WR;1;BAL;0.0;0;0;0.0;0.75;rookie;0;0;1197251;1198693;1198098;1261302;1140614;1026495;1102190
13852;Dontae McMillan;RB;1;BAL;0.0;0;0;0.0;0.75;rookie;0;0;1197251;1198693;1198098;1261302;1140614;1026495;1102190
13859;Jalen Walthall;WR;1;NYJ;0.0;0;0;0.0;0.75;rookie;0;0;1197251;1198693;1198098;1261302;1140614;1026495;1102190
13861;Daniel Sobkowicz;WR;1;HOU;0.0;0;0;0.0;0.75;rookie;0;0;1197251;1198693;1198098;1261302;1140614;1026495;1102190
13879;Jameson Geers;TE;1;ARI;0.0;0;0;0.0;0.75;rookie;0;0;1197251;1198693;1198098;1261302;1140614;1026495;1102190
13890;Michael Briscoe;WR;1;MIN;0.0;0;0;0.0;0.75;rookie;0;0;1197251;1198693;1198098;1261302;1140614;1026495;1102190
13898;Corey Rucker;WR;1;LV;0.0;0;0;0.0;0.75;rookie;0;0;1197251;1198693;1198098;1261302;1140614;1026495;1102190
13905;Omari Evans;WR;1;KC;0.0;0;0;0.0;0.75;rookie;0;0;1197251;1198693;1198098;1261302;1140614;1026495;1102190
13909;Elijah Tau-Tolliver;RB;1;BAL;0.0;0;0;0.0;0.75;rookie;0;0;1197251;1198693;1198098;1261302;1140614;1026495;1102190
13913;Patrick Gurd;TE;1;LV;0.0;0;0;0.0;0.75;rookie;0;0;1197251;1198693;1198098;1261302;1140614;1026495;1102190
13916;Xavier Loyd;WR;1;KC;0.0;0;0;0.0;0.75;rookie;0;0;1197251;1198693;1198098;1261302;1140614;1026495;1102190
13920;Jonathan Brady;WR;1;LV;0.0;0;0;0.0;0.75;rookie;0;0;1197251;1198693;1198098;1261302;1140614;1026495;1102190
13937;Jackson Acker;RB;1;BUF;0.0;0;0;0.0;0.75;rookie;0;0;1197251;1198693;1198098;1261302;1140614;1026495;1102190
13946;Jamal Haynes;RB;1;CIN;0.0;0;0;0.0;0.75;rookie;0;0;1197251;1198693;1198098;1261302;1140614;1026495;1102190
13949;Damon Bankston;RB;1;GB;0.0;0;0;0.0;0.75;rookie;0;0;1197251;1198693;1198098;1261302;1140614;1026495;1102190
13957;Kenny Fletcher;TE;1;IND;0.0;0;0;0.0;0.75;rookie;0;0;1197251;1198693;1198098;1261302;1140614;1026495;1102190
13962;Cameron Dorner;WR;1;NE;0.0;0;0;0.0;0.75;rookie;0;0;1197251;1198693;1198098;1261302;1140614;1026495;1102190
13964;Myles Montgomery;RB;1;NE;0.0;0;0;0.0;0.75;rookie;0;0;1197251;1198693;1198098;1261302;1140614;1026495;1102190
13968;Drew Stevens;K;1;WSH;0.0;0;0;0.0;0.75;rookie;0;0;1197251;1198693;1198098;1261302;1140614;1026495;1102190
13973;Keelan Marion;WR;1;ATL;0.0;0;0;0.0;0.75;rookie;0;0;1197251;1198693;1198098;1261302;1140614;1026495;1102190
13975;Le'Meke Brockington;WR;1;ATL;0.0;0;0;0.0;0.75;rookie;0;0;1197251;1198693;1198098;1261302;1140614;1026495;1102190
13981;Kolbe Katsis;WR;1;DEN;0.0;0;0;0.0;0.75;rookie;0;0;1197251;1198693;1198098;1261302;1140614;1026495;1102190
14020;Dean Patterson;WR;1;TB;0.0;0;0;0.0;0.75;rookie;0;0;1197251;1198693;1198098;1261302;1140614;1026495;1102190
14026;DJ Herman;RB;1;MIA;0.0;0;0;0.0;0.75;rookie;0;0;1197251;1198693;1198098;1261302;1140614;1026495;1102190
14031;Kyron Hudson;WR;1;CHI;0.0;0;0;0.0;0.75;rookie;0;0;1197251;1198693;1198098;1261302;1140614;1026495;1102190
14037;Rashad Rochelle;WR;1;SEA;0.0;0;0;0.0;0.75;rookie;0;0;1197251;1198693;1198098;1261302;1140614;1026495;1102190
14038;Trayvon Rudolph;WR;1;MIN;0.0;0;0;0.0;0.75;rookie;0;0;1197251;1198693;1198098;1261302;1140614;1026495;1102190
14040;Terrill Davis;WR;1;MIN;0.0;0;0;0.0;0.75;rookie;0;0;1197251;1198693;1198098;1261302;1140614;1026495;1102190
14041;Anderson Castle;RB;1;IND;0.0;0;0;0.0;0.75;rookie;0;0;1197251;1198693;1198098;1261302;1140614;1026495;1102190
14044;Miles Davis;RB;1;CAR;0.0;0;0;0.0;0.75;rookie;0;0;1197251;1198693;1198098;1261302;1140614;1026495;1102190
14047;Heinrich Haarberg;TE;1;CAR;0.0;0;0;0.0;0.75;rookie;0;0;1197251;1198693;1198098;1261302;1140614;1026495;1102190
14058;Malick Meiga;WR;1;SEA;0.0;0;0;0.0;0.75;rookie;0;0;1197251;1198693;1198098;1261302;1140614;1026495;1102190
14064;Roydell Williams;RB;1;DET;0.0;0;0;0.0;0.75;rookie;0;0;1197251;1198693;1198098;1261302;1140614;1026495;1102190
14071;Grant Finley;RB;1;NYG;0.0;0;0;0.0;0.75;rookie;0;0;1197251;1198693;1198098;1261302;1140614;1026495;1102190
